1294092826,6046,大瘦瘦,40,2017-12-27 21:05:06,全程站在父亲角度去看：我被家长包办娶了个文盲老婆，在父权社会下她为了保住女儿不被堕胎离家独自生下；我养活这个家，给闺女的学校付了双倍的学费才能入读，每天工作17小时，从不知网络为何物，因为除了基本开销不给家用导致妻子经常偷钱，家暴是唯一的发泄口，直到孟买机场她们丢下我和我妈。。。
1276879123,5128,LadyHunt,50,2017-11-26 16:03:56,去要回属于你的靠窗位置吧
1275734751,4689,桃桃淘电影,40,2017-11-24 13:23:07,继续关注女性与社会话题，甚至比摔跤爸爸更深更勇敢。虽然过程满是套路与俗梗，但看到最后还是感动到不行，关键人家还是更懂如何在适当的时候煽情。关于梦想、女性觉醒与反家暴，阿米尔汗一直在做他的努力。歌真好听，音乐一响起，你就会觉得，她就是大明星啊！以及妈妈才是本片核心，是真正的神秘巨星
1307680024,3396,小鸭子,20,2018-01-17 01:27:15,女主角身上透露着父亲的气息，她不断向小男生、妈妈、弟弟发脾气，遇到一点不如意就砸东西、砸书包，然后事后再向大家悔过道歉，大家纷纷原谅并且爱她——这...跟家暴循环有何不同？
1309221891,2821,皮革业,40,2018-01-19 21:11:13,只想对最亲爱的祖国妈妈说，我也想上优兔网，让全世界都看见中国梦！
1305360186,2696,一口大井子,20,2018-01-13 16:38:05,立意不错，抨击印度男权社会现状，很有力量。但剧本实在是太糙了，女主角除了不好好上课外完全没有体现出任何她在音乐上面付出的努力，她的成名显得非常轻松，油管网红哪有这么好当，颁奖典礼孔融让梨，太过理想也非常刻意。镜头运用也很平庸，笔记本电脑广告本告，还有大段大段的MV，没啥新意。
1262061074,2250,seamaid,50,2017-10-26 06:11:56,虽然剧情老套，任意两分钟就能猜到结局。但是加上女权、家暴、追梦这些元素，就闪烁着动人的光芒。米叔电影的高度是值得尊敬的。第一次在影院看印度电影，居然还有中场休息，不过有哭有笑的一点没觉得影片甬长。唯一想吐槽的是小男朋友太丑了，不能去隔壁泰国青春片里借个小鲜肉么……
1259868090,1887,青铜小兽,40,2017-10-21 13:38:17,典型的阿米尔汗公司出品电影，题材是真相访谈的继续，女儿N部曲之二。母亲这个人物承包了所有泪点；米叔hold住了一个如此放飞却又如此真诚可爱的形象，承包了所有笑点。最后让你又哭又笑地度过仨小时并顺便产生了一些思考。可以说是真·男神了。。
1277320984,1270,汪金卫,10,2017-11-27 11:22:07,歌曲好听，剧本俗套狗血，三观更是奇葩：“女孩努力逐梦唱歌圈并获天赐良机后主动放弃并屈从于父权；母亲生我没有把我堕掉，所以要听妈妈的话，放弃找律师离婚，让她继续受父亲家暴。”结尾半小时突然两度反转犹如童话般梦幻虚无不切实际。女孩对男孩的爱也是莫名其妙。阿米尔汗演渣男歌手倒是挺搞笑
1306155828,1331,凌睿,50,2018-01-14 18:24:28,"女儿扔掉罩袍，将脸庞展现出来。扔掉的不仅是罩袍，还有麻木、服从、屈辱、卑微；展示也不仅是脸庞，还有尊严、胆量、魄力、平等；妈妈对丈夫说“那不是垃圾，那是尹希娅的吉他”让人热泪盈眶。她捡起吉他带着儿女头也不回地走了，从她和女儿的眼神中，我看到的是反抗、战斗、坚强、勇敢、觉醒、自由！                                <a class=""source-icon"" href=""https://www.douban.com/doubanapp/"" target=""_blank""><img src=""https://img3.doubanio.com/f/shire/f62b2d2de3fc4a56d176b01cc3bbd47d2681fb38/pics/comment/android.png"" title=""发自Android"" alt=""Android"" rel=""v:image""/></a>"
1261906392,988,ciao,40,2017-10-25 20:41:01,印象最深是，那个老爸刚脱完袜子就直接用手抓饭吃。震惊了。以及，依旧是阿米尔汗的风格。
1308952930,1031,圈圈,10,2018-01-19 11:57:12,虚假尴尬…女主脾气臭、自以为是，和她爸有啥区别？
1269046436,731,俏皮面,20,2018-01-07 17:14:38,从妈妈不愿流产情节开始硬凹，结果到最后大家还是为彼此而活。女儿为妈妈放弃，妈妈为女儿崛起，能为自己活一次吗？
1269609618,591,高端电焊工杨永,40,2018-01-20 17:19:54,傅文佩因不堪家暴与陆振华离婚，陆依萍生活所迫与秦五爷签约大上海歌舞厅沦为天涯歌女。
1300334507,556,你大立,10,2018-01-05 17:39:03,逐梦演艺圈印度版（其实并没有看过）。此片给大家传导思想是梦是可以凭运气实现的，所以建议大家都不要学习，专心练习做梦。因为妈妈把我生下来很不容易，所以支持妈妈，抵制离婚，持续挨打，服从生活。哦，广告真不赖，时机滴水不漏。
1224018922,624,小飞侠6414,50,2017-10-28 00:43:16,2017.10.27. City Square Mall.米叔在HeForShe路上的又一力作。故事比摔跤爸爸更简单一些，但传递的社会信息还是非常震撼有力。米叔本人演这样的角色其实挑战不大。但小姑娘实在是演得太灵了。紧张愤怒绝望真实而有层次。妈妈弟弟男同学甚至是家暴的爸爸，都演得太到位了！第一首视频简直听得灵魂出窍
1309061673,520,饕餮暴血,20,2018-01-19 15:46:33,我算是受够这类型的印度片了，追梦+社会探讨的套路已经有点遭不住了。如果说摔爹在铺垫足够的情况下，结尾的爆发还足够打动人，神秘巨星想仅通过描绘恶劣的现状，理所当然的剧情推进。并辅以喊叫bgm旋转镜头来煽情，未免太儿戏了点。另外，能不能少点mv式片段了，太尬了实在
1259307673,467,Eve,40,2017-10-20 05:57:25,大叔逗得一逼，妈妈美到不行。个人感觉一定程度上比《摔跤》更radical一点，虽然会看得比较爽，也少了很多争议，不过联系到现实，那种要给予女性自由必须先控制女性自由的人性矛盾的张力少了一点。但是仍然很感人!
1269044367,463,birds,20,2018-01-12 17:10:54,油管翻译成优兔网的大天朝还是老实玩直播吧，片名也可译为〈我和我的天才女儿〉，跟摔爸多搭。母爱鸡汤挺戳人，可是这蠢蠢马虎的拍法，算计的剧作，看得窝火又漫长。母子俩的脑回路有时真是莫名其妙，小女孩的表演也很是油腻，隐秘的黑罩蓬更沦为形式。有才华脾气糟，能救家等星照耀又泪别离，谁不腻！
1309898183,536,Boxer,40,2018-01-20 22:10:03,后妈要我推荐，选了这部，和曾经家暴的父亲坐在一起看完了，迷之尴尬
1261060955,333,阿谁阿谁,50,2017-10-23 20:42:15,"看得又哭又笑，被套路了但还是非常享受。歌曲很好听，小朋友纯纯的爱情，Aamir演得真是贱的太好笑了，车里自言自语跟律师的对白简直了！👍👍👍👏                                <a class=""source-icon"" href=""https://www.douban.com/doubanapp/"" target=""_blank""><img src=""https://img3.doubanio.com/f/shire/c541f3cbc321589b29d7c7b6d00e620243f224d9/pics/comment/iphone.png"" title=""发自iPhone"" alt=""iPhone"" rel=""v:image""/></a>"
1269600027,382,李不空太空,20,2018-01-17 08:45:47,入戏难，表演尬，模板故事，神经病转折……
1307474443,367,Piggie,20,2018-01-16 20:16:08,槽点太多 女主又作又蠢 大型玛丽苏的故事情节
1309728699,264,frozenmoon,40,2018-01-20 17:56:01,就是明确告诉你这是套路，这是类型，但还是会打动你而且还不矫情的那种。这里面有诸多社会议题，政治议题，宗教议题，但都化在具体生活和对话里。这电影能拍出来最重要的是大环境自由，可以随意表达。这一点至关重要。
1310911194,224,亵渎电影,40,2018-01-22 12:56:22,骨子里就是迪士尼合家欢电影，三观巨正，虽然拍法不高级，但两个半小时的时间里，编剧和导演不犯任何一个错误，也是一件很难的事情。完成度很高，情感充沛，就连我这种平时很抗拒煽情的人，还是一不小心被感动了。这种电影，你可以预知每一步的套路，但如果哪位导演想拍一部，他就知道有多难了。
1262444654,328,山山君就是我,10,2017-10-27 00:01:56,太drama 了。。。有点无语
1309354948,349,what&#39;swilliam,30,2018-01-20 00:11:35,3.6星。1.女主真的非常任性自私无礼，不喜欢。2.颁奖礼让奖段落太狗血。3.阿米尔汗和妈妈表演并列最佳。4.“看到你笑我就很开心，千万别抢了我的乐趣。”5.泪点时刻：弟弟的礼物；惊艳时刻：女主录音棚开嗓；高潮时刻：妈妈机场放大招儿。6.女人要独立女人要独立，经济独立经济独立经济独立。
1302300078,247,乌鸦火堂,40,2018-01-08 11:19:04,唱歌吧，妈妈！这回真的将唱歌跳舞融入到剧情之中了啊，比起摔爹“谁说女子不如男”的主题，本片更加关注印度女性的民生问题，家暴、宗教以及话语权，整体还是非常套路，但情绪渲染到位，阿米尔·汗化身逗比，后半段的大量搞笑情节淡化了励志主题中的矫情，结尾还是被感动了，歌曲太好听，妈妈太美！
1309259876,183,王大根,30,2018-01-19 22:08:29,还说女主专门找了个不算太漂亮的女孩演是因为人歌唱得好，结果歌竟然不是她自己唱的……爹的部分太真实恐怖了，我也是因为长年使用妈妈偷偷给买的电子产品，以至于到现在都不能当着我爹的面坦然使用手机iPad……
1260759698,159,吃货F,30,2017-10-23 01:39:17,相比摔爸，这部片更像是玩票的女权宣传片，推翻了摔爸里面父逼女完梦，这片是让孩子自己追梦，里面的女性问题更多聚焦在家暴和家庭位置的问题上，歌曲很好听可是剧情有些地方失衡，节奏更贴近传统的印度电影，除了母女感情的描写外这片的基调应该是少儿向。
1309772386,190,Pam,20,2018-01-20 19:14:38,不会用电脑的工程师终究被家庭所抛弃。
1305437650,115,阿德,50,2018-01-13 18:43:51,阿米尔汗作品一贯的人文关怀与社会批判，只不过这一次的主角是女性，原来妈妈才是最大的“神秘巨星”（泪目）
1304026212,179,泉の向日葵,40,2018-01-11 10:58:35,非常规整的商业娱乐片，巧妙融入价值观思索和批判，满满套路却不让人厌倦。《摔爸》父女再合作，放飞自我的阿米尔·汗出场没那么多，浪骚形象尤其片尾彩蛋是亮点。更喜欢母女这条主线，哀其不幸怒其不争的，正是现实中许多被侮辱与被损害之人的写照。用娱乐化形式推动现实议题，值得华语影人好好学习。
1305291658,104,陆支羽,40,2018-01-13 14:46:28,1.唱歌吧，妈妈！2.再俗套再妄想的感动，终究也会有触动人心的造梦瞬间，比如在无数次黑纱蒙脸后，终于能在聚光灯上扯掉所有禁忌。3.阿米尔·汗对印度女权、家暴等问题的关注，依然震撼人心。4.有才华的孩子会像气泡一样往上冒，谁也拦不住。5.原来女主就是《摔跤吧，爸爸》中的小吉塔。
1311555012,96,丁小云,50,2018-01-23 16:30:29,眼睛哭瞎了。把套路搞到这种水准，还搞出了巨大的社会意义，对编剧的要求太高了。现在国内网络舆论各种看不起印度，结果现在被印度输出价值观了。还好中国能往印度输出海量红米手机。
1222839283,118,痞影人科莱昂,30,2018-01-19 12:11:03,最暖心的一幕是姐姐看见弟弟用胶带将电脑粘起来后两人的相拥，以及结尾关于“神秘巨星”真正含义的点题。不过，尽管阿米尔·汗这次已经完全成为了绿叶角色，而有意把母女二人斗争与反抗的部分推到最前端，但是，印度片老这样拍也不是个事啊。
1309815773,119,帕拉多克斯,20,2018-01-20 20:21:29,讲故事就讲故事嘛，烦透了这种台词、情节、配乐非逼着你情感就范的故事，显得正义特廉价。
1304903249,112,渣某,30,2018-01-12 21:42:20,"阿米尔汗或者印度的一类高分电影的缺点在这部电影中暴露得一览无余。两个半小时的时间竟然变得难熬起来，情节过于弱化然而表演情绪一如既往地高。类同的情节拖累节奏，戏剧冲突不够，难以说服观众。不过，阿米尔汗的表演是个亮点，印度一年能出一部高分大作也就够了。"
1305404130,100,妙可中国,40,2018-01-13 17:48:20,反复要回飞机靠窗位置是对妇女权利的坚持，也是对男权社会的挑战，仍旧延续了阿米尔汗前作对于女性觉醒意识的探讨。作为一部励志题材电影，关于追梦的情节也相当精彩，几位主要角色都塑造的很丰满。另外主题曲是真心好听啊，单单这一点就相当拉分了。
1311076492,60,影志,40,2018-01-22 18:45:12,“别为离别抽泣，而为拥有欢喜。每个人的人生都有自己的定数，但是你愿意摆脱吗？做梦是人的基本权利” 阿米尔·汗给律师打电话手机屏幕都没亮，哈哈哈…“我的妈妈书写了我的人生，现在也还没停笔” 可看性强，歌也好听，听一遍就会唱。2018《爱乐之城》+《摔跤吧爸爸》+《贝利叶一家》。
1302439137,91,苏筱兀,50,2018-01-08 15:42:46,除了父亲是个符号性角色，里面的人物都立体而丰富，特别是梅维贾饰演的妈妈和阿米尔汗饰演的音乐人，演得太好了。影片从少女追梦出发，引发出对印度女性解放的思考，如阿米尔汗所有的作品生动又深刻。生活只能是戴着脚镣跳舞？不，鱼跃此时海，花开彼岸天！
1222741426,77,法兰西胶片,30,2017-12-27 20:02:12,两星半。她们打着蹦蹦到了颁奖现场。
1311021203,133,秋秋球Qiuu,30,2018-01-22 16:38:56,太煽情了，女主脾气太暴躁了，如果跟小男生在一起又会是另一个家暴故事
1305001230,101,河伯,10,2018-01-12 23:51:33,一部非常美式内核的电影，一剂老套的任性追梦-家庭矛盾-做自己的精神鸦片，充斥着廉价的感动，既烂俗又做作。@翠苑电影大世界
1310195216,70,H2O.,50,2018-01-21 11:24:24,最感人的竟然是这么坚定地去要座位。坐外面也无所谓，但是是我的就是我的。
1309166125,82,非灰,20,2018-01-19 19:25:56,粗糙地消费了印度性别平权的题材，要嘛是阿米尔汗培养团队，要嘛就是用这个本子在他那蹭了一次。逻辑上始终存在问题，拍摄手法太幼稚而且在小女孩唱歌时用棚里录得立体声违和到爆炸，音乐强起情绪。毛病太多，用雕虫小技来撑起影片，导演失败
1300542480,66,Mr. Infamous,50,2018-01-05 23:03:25,对阿米尔·汗，始终喜爱与崇仰兼备。他把温情与良心，融在最通俗的故事里，让大众能在娱乐中，反思女性被歧视等不公现象。其实细想，伦理与逻辑都非牢不可破，但电影到了某个点，就是愿意为之欣慰，为之感动，甚至为之落泪，如此，是何等难能可贵。大叔这次的胡子，骚得心动哈。比摔爸清简些。四星半。
1261998004,80,TanYang,50,2017-10-25 23:42:18,每一个妈妈都是superstar！
1305424421,74,史太郎don,50,2018-01-13 18:22:05,《女人唔易做之妈妈再爱一次之我是歌手》
1302005307,106,何小沁,40,2018-01-07 22:16:52,想起一些印度老电影，简单的故事和主题，传达出普世的社会反思和情感力量。阿米尔汗公司的A字logo时间很长，电影也打着强烈的米叔烙印：片外他是推出新导演的脸面和制作人，片中他再度饰演了父亲式角色。米叔真是带着光环出场的巨星，这次角色浮夸骚气又可爱，是亦庄亦谐的好演员。小女主转变也惊艳
1309320802,54,南悠一,30,2018-01-19 23:27:27,同样是廉价的煽情，一个是穷兵黩武，一个是温暖生活；一个吹响霸权号角，一个扬起性别平权大旗；一个鼓励个体为国家机器当钉，一个追求个体自由和梦想。两块大陆，哪个更有希望？答案：印度。
1269988347,71,小洁小姐姐,30,2018-01-18 20:48:38,整体来说还挺感人吧，可是能不能稍微用点心啊！这个国家拍电影真是太浮夸了！打电话屏幕都没亮就可以打？？？得了那种类似金马奖的奖还可以随便让出去？让出去了还真的可以接着？？？歌词一遍都没见过，到了录音棚闭着眼睛就可以唱！！！.然后就火了！！！还有莫名其妙的感情线！……可长点心吧！
1304990894,50,内陆飞鱼,50,2018-01-12 23:38:31,看得爽，开年第一部五星电影，塞伊拉·沃西（《摔跤吧爸爸》里演小吉塔）演得真好，歌好听，剧情精彩，感情饱满，故事完整度，剧作张力，触及的印度女性现实议题，显然比《摔跤吧，爸爸》更深，电影院一片嘘唏声，很多人在抹泪，母女对峙，夫妻对峙两个场面，紧张得太抓心，完全无力招架，催泪太猛了。
1308480515,95,我模糊了,20,2018-01-18 15:06:06,主题靠台词吼，情绪靠配乐煽。剧情合理性为负，真的太随便了……配角不是功能性角色就是脸谱化。歌和女主的追梦线也没啥本质联系，随随便便就红了，奖也能让，服了。
1309286761,142,夏日阳光,40,2018-01-19 22:44:18,继续聚焦女性成长主题，社会存在的问题，重男轻女、男尊女卑被搬上银幕，没有歇斯底里的抱怨、怨恨，没有矫情的抨击和伤口撒盐，而是从女性自我觉醒的角度去诠释。没有花哨的镜头，小桥流水式地去叙事，情到深处，泪止不住。抱怨环境，深受其害，却又不去为创造美好的生活环境而努力或许是最糟糕的。
1288839420,56,方枪枪,30,2018-01-19 16:59:49,用很套路的方式讲了一个感人的故事，让人见识到，什么才叫高级的煽情。3.5
1310068213,57,大唐来的高僧,20,2018-01-21 01:49:04,"你们是怎么给这种电影评这么高分的？逻辑混乱剧情老套，并且依然戏不够歌来凑，结尾颁奖那段还没有旺仔牛奶的广告拍的好。这其实就是一部印度普法节目，当然孩他爹抓完袜子抓饼吃，吃完了才去洗手这事就不吐槽了，整个电影院的人看到这段都慌了                                <a class=""source-icon"" href=""https://www.douban.com/doubanapp/"" target=""_blank""><img src=""https://img3.doubanio.com/f/shire/c541f3cbc321589b29d7c7b6d00e620243f224d9/pics/comment/iphone.png"" title=""发自iPhone"" alt=""iPhone"" rel=""v:image""/></a>"
1309506143,58,肉兔一只,20,2018-01-20 11:00:55,"只有我觉得这是一部硬伤累累，剧情幼稚逻辑雷人没有深度，没有一个人物性格立的住的烂片吗……？？？各种对剧情人物没有帮助的细节和慢镜头看的人尴尬，分明在消费米叔消费摔跤吧爸爸的余温……                                <a class=""source-icon"" href=""https://www.douban.com/doubanapp/"" target=""_blank""><img src=""https://img3.doubanio.com/f/shire/c541f3cbc321589b29d7c7b6d00e620243f224d9/pics/comment/iphone.png"" title=""发自iPhone"" alt=""iPhone"" rel=""v:image""/></a>"
1291790847,46,蒜 | BOY A✎,50,2018-01-19 16:38:02,年度最佳女权电影，印度电影已经摆脱陈旧的歌舞片人设，用温情细节讲述励志故事，人物性格立体，情绪饱满，感情逐渐上升。小人物生活折射出社会现实，反家暴、女权主义、独立意识、对音乐市场的嘲讽，戏剧套路上还不断有小惊喜，喜剧效果点缀都恰到好处，宝莱坞果然有实力。而且歌真的都好听
1309346193,55,1先森,20,2018-01-19 23:59:18,单调的剧情中充斥着太多违和感的设定，无论是象征性强但现实感微薄的情节设置，还是最终意料之中然而出乎意料用力过猛的煽情，都让我少许感到不适。阿米尔汗的角色仿佛是为了工作室宣传和票房保证强行加戏串场进来一样格格不入，他的作品如今已经没有了当初的尖锐与直白，深层的共鸣也慢慢佚失了。
1309167168,35,欢乐分裂,30,2018-01-19 19:28:16,3.5；母爱才是照亮生命黑暗角落不息的火把，才是真正明亮的星，“这世上没有更好的妈妈了！”可能是很多人的心声，女性自立自强之路依旧任重道远，但很庆幸能在银幕上目睹他们扔掉羁绊，这份果敢在放置于任何现实都不那么容易；剧本略戏剧化，结局问题的方式也倾向于过于理想化，结尾流于说教了。
1309321683,22,大奇特(Grinch),40,2018-01-19 23:28:33,阿米尔汗的电影已经深谙情节剧的创作思路，与国情、社会议题贴合紧密，这次更以现实主义的方式（选秀节目）融入印度歌舞片的特点中来，以人物的不同处境来提升情感力量。虽然前半段以情节剧著称，但后半段是通过逐步提升戏剧效果和演员表演来吸引观众的。
1309493445,48,CrMrQ,10,2018-01-20 10:33:25,十几年的辱骂殴打，足以改变一个女人的心智，何来一瞬间的逆袭和反抗？意淫到爆的狗血剧情配不上这样的高分！
1296754875,46,油炸绿菠萝,50,2018-01-20 17:15:32,豆瓣评分低了吧，五颗星也不够吧，想把银河系的星星都送给这部电影。看这种电影的时候，会觉得这个世界还值得奋战向前。
1260399971,58,NarvikAustin,20,2017-10-22 13:25:44,惠普的电脑真结实
1311637276,122,儒家颜路,40,2018-01-23 19:33:22,其实我感觉阿米尔汗演的这部没有上部好看，不过我是被这里面蕴含的感情走向打动，现实中有谁能做到女配，额，名字记不得了。能做到她那样把荣誉让给别人的。虽然不是很真实，但我又被这点打动了。感觉很矛盾。
1309051121,30,把噗,30,2018-01-19 15:24:44,真是感人。女儿的出生是神来转笔，瞬间升华。但结尾又落俗了。
1305532763,44,阿暖,40,2018-01-13 21:01:15,以为是升级复仇打脸爽片，但其实看得很压抑，父权阴影几乎笼罩了整部电影。但抛开那些套路的剧情，假如一个脾气这么坏又这么有天赋的女孩都要付出这么大的心理准备才能真正逃离，印度女性的地位真的可想而知。不管怎么说，小女孩扔掉罩衫的时候还是被感动了。
1312708587,31,桃花石上书生,30,2018-01-25 19:05:52,很适合儿童观看，成人真会觉得剧情太过简单，成名太过轻易。结尾的获奖歌手赠奖给主角，根本不通，因为奖是一种荣誉，而不是物品，不属于得奖者个人，无法转赠的。另外阿米尔汗搞笑起来真是很搞笑。印度片往往都有幼稚的一面，但是又真诚而蓬勃向上，就像七十年代的港片。
1305330170,22,掉线,40,2018-01-13 15:50:03,【B】出色在于没有局限在单纯的逐梦励志里，不止涉及到女权觉醒，也多方面的表现了少女的青春期生活。女儿，母亲，歌手几个角色都很真实丰满而不脸谱化。这让电影虽然俗套却还是有着坚实的力度，即便剧情能够轻易预料，却依然动人。
1279366204,67,田,30,2017-12-01 17:20:47,如果摔跤吧爸爸五星，这个最多3星。继007天幕危机后，我是第二次在电影院看了完整的MV，还是三首！
1309121928,89,自矜者,50,2018-01-19 17:46:09,这世上真的会有人倾尽全力的对你好，那就是母亲。女权，梦想什么的不想说了。这部电影的母爱看的我泪目了。
1305268985,42,瓦力,40,2018-01-13 14:10:04,《摔跤爸爸》献给严父，《神秘巨星》献给慈母，虽然阿米尔汗直到后半段才登场，戏份也不算多，但是骚浪贱造型和表演承包大量笑点。全片之工整流畅、发自内心有如Insiya的歌声那般充满真诚，持续对女性平权关注，对把握自身命运抗争的鼓励，老套剧情狠狠走心深深打动，还有大量404网页特写，真的厉害。
1308665718,37,努力去热爱世界,50,2018-01-18 21:21:02,阿米尔汗 有态度 有想法 致力于各种社会问题 他在用自己的方式让国家变更好 挺不容易的 五星致敬
1288825938,40,徐若风,20,2018-01-21 16:21:27,为此片在印度切实的社会意义强忍打一星的手给两星。相比之下，「摔爸」尚算有益类型尝试下逻辑贯畅的佳作，这部作品就算不提手法技巧之糙，只提模板式三观和最后半小时两个神经病转折也够骂了。将之前好不容易立起的人物变成提线木偶，且把线头缠乱的一塌糊涂，设置高潮、讨好观众如此算计，无药可救。
1314163407,103,婷婷爱八卦,30,2018-01-28 09:31:40,印度电影偶尔一部很有新意！当然出口的基本上不会太差就是，不过看多了会腻
1309105287,24,麻绳,30,2018-01-19 17:10:24,与摔跤吧爸爸同样的女性自强主题，但要生硬许多，人物动机和故事逻辑都比较勉强，但最后还是被满满的狗血套路给煽哭了。表演都很好，尤其是母亲演得非常棒，阿米尔汗真是自带光环，戏不多但很传神。音乐一般，还是更喜欢传统宝莱坞的气息。
1298934316,34,刘十九,40,2018-01-03 13:23:10,故事很套路，但和《摔跤吧爸爸》一样，就是能戳到人心里，看到泪奔。阿米尔汗真是一人千面，减肥能演摔跤小鲜肉，增肥能当印度大叔，换个发型就能妖艳起来！
1310391769,99,幸福的妮妮,40,2018-01-21 17:08:48,阿米尔汗还是一如既往地给力，这次这个电影可以说是爸爸的姊妹篇了，讲述了家暴背景下的母爱和梦想的故事，拍的真好。故事真的很感人，配乐还是那么切合主题好评，有时间带上妈妈去二刷，好电影。
1269070718,25,天马星,30,2018-01-19 23:16:43,2.5星。漏洞百出的剧作，生硬仓促的转折和尴尬业余的表演都让本片在宝莱坞电影和阿米尔汗作品序列里显得平庸甚至糟糕；一部以音乐为题材的电影竟没有一首印象深刻的歌曲，所有MV式的串烧都非常的廉价，白瞎了女性梦想抗争的主题。即使拥有如此多的缺点，本片在女性抗争形象上的塑造具有积极意义
1315263456,15,九尾黑猫,40,2018-01-29 23:23:01,母亲就是这样，不见得懂最深刻的道理，有最渊博的学识，可能又爱唠叨又保护过度，但她的爱，她的坚持不放弃，无条件的付出，这种看似平凡又伟大的情感造就了那些不凡的灵魂。电影虽然不乏很浮夸又俗套的东西，但你会很想偷偷献给给你最大支持与无私的爱的那个人，因为他们值得最华丽最闪耀的告白
1308784841,33,暴富的女孩是我,40,2018-01-19 00:12:19,阿米尔汗是在为印度女性发声了 希望这些声音越来越多越来越大
1312757107,87,Tone调的悲伤,40,2018-01-25 20:46:06,阿米尔汗拍出的关于梦想和女性觉醒的故事，关于家庭，关于母爱还有疼痛的成长，他真的是一个伟大的演员。
1307968304,30,搬砖侠,30,2018-01-17 17:05:56,剧情其实非常简单粗暴，并没有太多亮点，阿米尔·汗的戏份几乎就是完全配角出现，除了那首呻吟之歌之外，倒是没什么值得记忆的点。不过，还是被电影故事的情感冲击力所折服，导演站在一个为印度女性发声的的高纬度上，同时利用母爱的伟大作为叙事驱动力，确实催泪到极致，老妈才是真正的神秘巨星啊！
1313837044,27,邓安庆,40,2018-01-27 19:56:32,故事其实很俗套，但每一个演员都很好，配乐也好听，很打动人。
1309859260,16,风间隼,40,2018-01-20 21:23:19,依然是流畅的叙事和剪辑，依然是挑战性的社会议题，制作也很精良，但缺乏动作和歌舞的奇观场面，显得有些欠缺娱乐性。最令人好奇的天才少女与渣男制作人这条故事线没做到尽，殊为可惜。母亲这个角色最为动人，与之相反，父亲的人性深度却没得到任何展现。
1311186105,19,眠去,30,2018-01-22 22:06:18,00年出生的女主塞伊拉·沃西以后会成为超级巨星吧，会摔跤会弹吉它会唱歌，也许会成为印度第二个阿米尔吧。
1290689056,25,隐,40,2017-12-27 22:48:50,普通的视听语言，却是一个讲得很好的故事。它有着非常传统的价值观，但故事里对于男权社会的反抗，及对母女之间情感的表达，有很强的感染力。电影里讨论的社会话题放在当下中国同样很有意义。阿米尔汗确实是巨星，他的出场瞬间赋予电影更大魅力。
1309722449,13,gegemoon,40,2018-01-20 17:44:34,虽然故事套路，励志剧情老套，但编剧和导演水平太高了，每一个感情的点都踩得精准，就算你知道它在煽情也还会被打动。通过主流媒体传播女权的信息，阿米尔汗真是值得敬佩的电影人。
1290627770,21,瞬间收藏家,40,2018-01-16 21:53:54,第三次看阿米尔汗的电影，题材现实又沉重，但是这是看得最让人恐惧的一次……剧本有点乱。让人觉得最可怕的，在这样的社会环境下那个心疼姐姐的弟弟最后也很可能会变样一个让老婆把女儿流产、随手打老婆的丈夫。女律师、男同学一家，社会还是有希望的对吗？妈妈我也要上优兔网。
1300383849,18,蜉蝣,20,2018-01-05 19:17:51,太讨厌印度电影，太讨厌阿米尔·汗了，就这样。
1311801620,68,xxxx,40,2018-01-23 23:51:14,依旧是围绕女性地位为话题。抛却其他因素，我现在想到的是，梦想的背后都有一个伟大的爸爸/妈妈
1312552204,64,华丽的春雨,50,2018-01-25 13:39:53,继续关注女性问题，关注社会问题，阿米尔汗真不简单，
1318212054,66,呆萌兔,30,2018-02-04 11:58:15,整体剧情比较平淡，相对于《摔跤吧！爸爸》来说，《神秘巨星》在细节处理上未免有点粗糙，很多转折也显得生硬。
1309294093,25,余小岛,30,2018-01-19 22:53:34,充满套路和烂俗的梗，但是催起泪来实在太厉害了，差点没忍住。。
1313669307,11,Paco,30,2018-01-27 14:46:59,3.5。题外记：过两天回想我看这片时哭的激烈程度，仍觉得能用惊心动魄来形容，别说影院，一整年的观影也不超两次这种情况。这和我对电影本身的客观印象已经形成了巨大错位，以致对自己构建的理性和审美的牢固程度产生深刻质疑。会在生理上被自己觉得low的东西全面击溃，真是一件值得关注的事情。
1310065470,24,锐利修蕊,40,2018-01-21 01:42:32,《狗十三》中的李玩，《天才枪手》里的小琳，以及这部电影里的尹希娅，共同组成了亚洲青春片的“最佳形象”。虽然套路，但依然是点对点打到心扎实的女性意识“觉醒”之作。还讽刺了颁奖和天下甲方屎一样的审美：各行业都是不懂的人在做。不过父亲大呼小叫砸东西，女儿也砸东西的细节还真有些细思极恐。
1279540612,14,悟饭婆婆,40,2018-01-19 23:55:46,比摔爸更锋利，三代女性的人生轨迹撕开印度女性的生存实况。虽然看起来仍逃不脱主旋律套路，但是对题材处理方面精准到位，尤其在印度那种氛围中就显得更加难能可贵。我一直在想，如果电影以一家人飞向沙特的飞机收尾，力量感可能更强。只是这显然不是一部手法老到的商业电影希望带给观众的欢快结局。
1319260885,57,不错我就是神,50,2018-02-06 00:13:45,很喜欢这部剧，印度片看的少，影片向我们传递励志正能量，值得我们学习。对于生活值得思考，到底什么才是最重要的呢？
1310439327,11,基瑞尔,40,2018-01-21 18:30:32,【印度】从《真相访谈》的几个小故事变成了一个融合了家庭暴力、音乐、女性意识觉醒还有网络普及等大小社会议题的电影，Aamir Khan把自己放在了一个很小的位置，去促成这个故事的发生--这样的尝试以及意识对比起某些人又何尝不是一个讽刺。其实舞曲版的主题曲比原唱好听，小女主神似Shailene Woodley。
1305136497,62,与你走天涯,40,2018-01-20 23:02:53,故事情节其实很简单，能拍得如此好看，也实在不易！在母爱、梦想、家庭暴力、传统思想、励志交织的剧情中，让电影看点十足！看完后意犹未尽！点赞！
1306106157,17,惘然,40,2018-01-14 17:06:04,小男主就是个小天使呀！超暖！/家暴太可怕了！/阿米尔·汗每次的电影都有爱，有批判。/他自己演得也好，特别油腻！
1309858023,26,安德烈大叔,20,2018-01-20 21:21:45,越看越烦躁，近年半途离席的第三部电影。
1309961704,17,某J。624,40,2018-01-20 23:19:20,看看热门两星的长评快400的赞同，就知道有多少“何不食肉糜”的幸福人。除了颁奖部分过于戏剧，电影最赞的就是母亲和女儿彼此妥协的真实，没有经历过的人永远不会懂女儿最后为什么愿意放弃跟妈妈走。还是那句话，我也许不够勇敢，但你也没资格说风凉话。PS：今年最甜的居然是一个豁牙的黑小子。
1312245837,10,荔枝超人,30,2018-01-24 21:39:58,主角小女孩后来去好莱坞拍了分歧者系列？
1319272301,58,欢乐海鹦乌娜,40,2018-02-06 00:33:41,好看，聚焦梦想 家暴和母爱，很感人啊。米叔真的好油腻啊，哈哈哈，有点小可爱，逗死我了！
1311485624,72,宠,50,2018-01-23 14:04:37,“那不是垃圾，那是尹希娅的吉他”希望我们国家也能多一些像阿米尔.汗这样的演员！少一些带坏青少年的偶像明星！
1307619208,13,释凡,40,2018-01-16 23:40:17,宝莱坞歌舞巧妙融入剧情，女孩网红成名励志之路，背后是捍卫印度女权主义！毕竟父权社会下，老妈为了保住女儿不被堕胎离家独自生下。虽然逃离学校去排练，后面机场觉醒，童话味足，却很爽快！歌曲好听洗脑，阿米尔·汗化身轻浮、好色、逗比的离婚巨星，客串都浑身都是戏，这次一刀未剪，全程燃爆和精致
1309948097,58,海底月是天上月,30,2018-01-20 23:05:31,看了微博的鲤鱼打挺疼推荐去看的！讲真，拍的很好啊，尤其是女主和妈妈的成长，靠自己而不是玛丽苏，喜欢喜欢，打call。
1316362464,58,凌,30,2018-01-31 23:33:47,还行吧和上一部比起来的话还是欠点火候的，有些细节真的有点可笑和不切实际，有些地方确实是很感人的，感觉整个剧情有点粗糙，有些老套吧，最后颁奖的孔融让梨真的…太过理想主义了
1309284869,18,斯齊佐飛力尼克,40,2018-01-19 22:41:54,人家已经试图用青春片唤醒沉睡的人和改变这个社会世界了，我们连青春片都还不知道怎么拍。没有摔跤吧那么有力量，剧本痕迹挺重的，但感动和直击人心的闪光时刻数不胜数。这个世界上还有比阿米尔汗更加女权主义的男明星吗？！！
1311458779,16,沐风而遇周星星,40,2018-01-23 13:05:25,不是过度煽情，而是真实感人，且有力量感，少女反抗家暴实现梦想之旅。印度的社会问题，比中国还严重。但他们敢拍，而且以一种轻松的角度切入这些沉重的话题。口碑好，而且票房还不错，值得大陆电影人深思。
1306563191,23,眼藥酸,40,2018-01-18 22:31:57,泪点满满，想逃出电影院，年轻的天才才配谈梦想，像我这种黄土埋了半截身子的中年人，哪里还有挣脱束缚的热血可言……
1304285297,12,小A,40,2018-01-11 20:20:28,影片质量基本维持了《摔跤吧！爸爸》的水平，二者都是平权故事，背景从体育界换到音乐界。主题歌“Nachdi Phira”（我跳着舞）挺好听的。故事灵感直接来自《唯真理必胜》（Satyameva Jayate）。正因为我们有社交网络，解除极端保守主义思想的束缚，意识形态的进步才可能加速实现。
1315693009,59,腐狸,40,2018-01-30 20:06:55,印度的电影歌舞那是必须有的，算是一大特色。整部影片真的很励志，好几次戳到泪点，在别的地方看到有人说阿米尔汗承包了对印度百分之五十的好感，这点我也是赞同的。
1309785553,18,有意识的贱民,30,2018-01-20 19:36:01,2.5 | 不可思议，人物塑造、大部分的情节和不知克制的配乐都让我无比厌烦，套路、脸谱化、苦情、煽情…却还是会有所触动，印度片这是怎么做到的？
1307479239,18,林檎的苹果园,40,2018-01-16 20:24:41,真·不是我泪点低，而是印度人拍这种“生而为女”的悲剧太有技巧和天然语境（非褒义）了。之前的#摔爸#是在父权社会主导下一个还有点小本事的父亲如何保护自己的孩子不被社会习俗所席卷和迫害。#神秘巨星#描述了一个连活着就很艰难的母亲，如何最大限度保护女儿自由梦想的故事，感觉比摔爹还惨啊
1301792171,16,芥末蘸酱,40,2018-01-07 17:34:03,印度好声音之网红少女闪光记。某些打着女权旗号的好莱坞电影真应该看看，什么才是真正的女权电影。尤其这还是建立在导演和制片人都是男性的情况下。阿米尔·汗继续弱化自己的戏份，但只要一出场就能立刻抓住所有人的眼球，他对于社会题材的把握真是让国内的明星望尘莫及。PS：彩蛋闪瞎眼。
1311413431,4,Q。,30,2018-01-23 11:17:04,立场和出发点是好的，但强行煽情，硬伤多，逻辑小问题多。btw，阿米尔汗真是太油腻了。★★★☆
1311009872,17,婴儿,20,2018-01-22 16:15:45,看前我就和媳妇说，摔跤吧爸爸那种水平的五年出一部。不信。果然，这部还是宝莱坞平时粗制滥造的水平。
1309203729,12,想吃凉面,40,2018-01-19 20:39:17,最后扣的主题是母亲，但想说，真的好喜欢女主的小男朋友！小男朋友好棒好可爱！要是没有小男朋友，女主第一次可能都去不成孟买啊。
1309074755,26,Friend Zone,50,2018-01-19 16:11:15,电影本身并不高明，甚至可以说非常差劲，可是有些电影本身蕴含的意义注定在电影之上。虽然它配乐太满，虽然它特写太多，虽然它叙事平淡如水，虽然它的走向和结局我一开始就知道，可是在主人公陷入绝境，人生崩坏还在笑着接受的那一刻，我哭成傻逼。这次阿米尔汗探讨的主题比摔跤还要深入，真勇敢，真好
1310261425,57,顾盼,40,2018-01-21 13:32:58,摔跤吧爸爸的姐妹片。我觉得比摔爸更好看，以及这部片里的音乐真的太好听了。
1310377522,20,谢谢你们的鱼,10,2018-01-21 16:45:49,惠普，你认识世界和实现梦想的唯一的通道。妈的，不管是内核还是内容都是一个广告片。
1315151423,36,你的温柔像羽毛,40,2018-01-29 20:37:22,女儿很大胆，脾气有点暴躁，这点可能随爸，妈妈才是真的很勇敢
1312441875,49,其鱼唯唯,50,2018-01-25 08:41:48,全程泪点不断，我终于明白阿米尔汗为什能成为国家级的电影演员，这样敢为女性发声，为印度的社会着想的好演员，真的担得起国家级三个字，娜吉玛说“结婚时父亲没问过我的意见，生孩子时丈夫一家没问过我的意见，现在离婚时女儿没问过我的意见”但是娜吉玛在机场那里，为了女儿，她成为了一个战士！
1311258608,7,闲人,40,2018-01-22 23:46:28,女儿为了母亲放弃梦想，母亲为了女儿勇敢活出自我，这个转折恰恰是这个片写得最高级的地方，不懂为什么那么多人吐槽这个点。
1307538706,10,parallel,30,2018-01-16 21:56:25,女主人设很不讨喜。最后解下头巾那一刻很触。
1312233448,57,°゜O 🐬,50,2018-01-24 21:19:52,又一部很励志的电影，虽然有明显的主角光环。哭湿了2张纸巾，看来我泪点很低。
1313544136,10,艾晨,40,2018-01-27 09:50:38,昨晚二刷，改四星。1，阿米尔汗这条线发挥空间太少，基本沦为娱乐作用，可惜。2，爸爸的部分其实颇多让人同情的地方，当然同情不是原谅的理由。3，弟弟的部分最好，家庭好坏与否最主要看教育，细节之处，形象生动感人。4，女主有天赋，然而仅此而已，教养全失，霸道自我。5，建议精减至少40分钟。
1298955856,11,辣眼看电视,40,2018-01-03 14:02:20,真的太神秘了，阿米尔汗最近的电影都是让人哭到下跪啊
1307539580,10,小镇TML,30,2018-01-16 21:57:34,拍摄影感有些写实，不电影，且需要强大的画外音煽情。歌舞梦想已不新鲜，多亏母爱这个稳准狠的切题撬动了观众的泪腺。演员演技竟hold住了特写镜头，点个赞。
1310865999,3,喜悦姑娘的猫儿,40,2018-01-22 11:19:44,不错 这次更狠地直面直击印度女性家庭地位问题 如同在印度掀起了一场革命。然而我想强调 妈妈才应该是主角 在机场用冷静和理性漂亮回击她变态丈夫 这才是应该提倡的女权主义男女平等 别说我直男 像动不动就对身边人发脾气又砸东西的尹希娅 别不信 如果她是男孩 长大后也就是她爸爸的那个死样了。
1310074405,16,猫语猫寻,30,2018-01-21 02:05:09,1、放在那个国家这部电影值五星，因为意义，但就电影本身来说勉强及格，整体确实很粗糙；2、女主也遗传了暴力啊，发脾气的样子和其父不是一样吗？3、看的过程中在想，为啥不用慢性毒药把他毒死呢！明明勺子握在你的手里……emmm……还是我最恶毒！
1310897548,16,豆瓣某网友,30,2018-01-22 12:31:38,Get不了。家暴轻描淡写，妈妈为什么忍，为什么又想通，对女主有什么影响全没说。就好像告诉你，“女主之前被人强暴了，她现在砥砺前行”。好似好声音比赛，还反复问你的梦想是什么。印度电影告诉我们，只有全世界首屈一指天赋的人才能翻身，没天赋只能等死。
1309098324,7,蚊多多,50,2018-01-19 16:55:47,哎
1318001049,46,飞鸟～让·雷诺,30,2018-02-03 23:26:10,题材有些老套，记得香港很早就拍过一部类似的电影，蔡卓妍主演的，不过不同的国度有不同的味道～
1322273215,4,托尼·王大拿,30,2018-02-11 12:21:54,依旧有宝莱坞电影不知何为节制的问题，但影以载道，纯熟的类型片手法应用展现出的力量。
1316380798,40,柠檬味的猫,40,2018-02-01 00:03:17,很不错，值得一看
1309488294,5,鱼儿,50,2018-01-20 10:20:04,有的厨师之所以牛，就是可以把最普通的食材做出最美味的美食。神秘巨星，剧情简单，开头就猜出了结尾的俗套故事，可是即使片长长达150分钟，每个情节都深深地吸引着你的情绪，为之感动为之愤怒。这就是佳作的魅力所在。五星推荐，建议陪家人一起观看。
1308600586,6,追剧时光机,40,2018-01-18 19:18:51,在印度女性也应该享有追求梦想的权利，虽然过程中有困难有反对当然也有开心和激动，不要放弃努力坚持，没准儿最后就成真了呢。还有就是:在每个孩子的人生里，母亲是真正的巨星(ಥ_ಥ)
1309967082,5,恶魔的步调,40,2018-01-20 23:24:58,妈妈笑的时候好美啊，但是妈妈帅的那段电影院里有人鼓掌。
1310679809,7,kylegun,40,2018-01-21 23:41:40,账号密码写在手上，粘满胶布的笔记本电脑，垃圾桶里的吉他……套路狗血但就是过瘾，别人家能把商业主旋律电影拍得如此批判解恨，也只能羡慕一下了
1306368165,26,追影之光,20,2018-01-14 22:58:01,太俗套的剧情，阿三永远都是卖弄思想 看多了 真会腻
1304952714,16,百特曼,40,2018-01-12 22:49:39,"男权主义不光践踏女性，同时也把父亲变得面目可憎，是这个时代最应该根除的毒瘤。宝莱坞最值得骄傲的就是拥有阿米尔汗！                                <a class=""source-icon"" href=""https://www.douban.com/doubanapp/"" target=""_blank""><img src=""https://img3.doubanio.com/f/shire/f62b2d2de3fc4a56d176b01cc3bbd47d2681fb38/pics/comment/android.png"" title=""发自Android"" alt=""Android"" rel=""v:image""/></a>"
1297927987,17,华盛顿樱桃树,40,2018-01-01 22:55:39,哭成狗了，一个半小时开始眼泪流啊流，停不住。最后写着献给所有母亲，实在太吃母爱梗这一套了。不过理性看，就还是精心算计好的愤怒和感动，但其实电影都是套路，就看你用心与否与完成度了。
1309344347,10,妖孽坐地成仙,50,2018-01-20 16:18:59,其实没有摔跤吧爸爸好看，故事非常套路，但妈妈和小姐姐演技都很好，歌曲好听，米叔这次人设好像印度版汪峰...
1309967789,13,甘楽,20,2018-01-20 23:25:47,女主一点事不顺心就好暴躁… 感觉她的快乐基本建立在才华上 没有就是个烂人
1309835048,51,YOYO0518,40,2018-01-20 20:49:39,故事很俗套，但是就是能让我泪流满面。而且女主角其实就唱了两首歌，但是怎么就唱得我哭了。整体还是觉得摔跤吧爸爸好看，只因为阿米尔汗戏份太少，他每次出场我都相当兴奋，太可爱了。
1311831977,15,伊莎贝儿拉风,10,2018-01-24 00:49:55,所有人物的刻画都特别符号化，特别薄，节奏慢，笑点尬。拜托 女儿那脾气跟她爸一模一样好吗，暴力倾向也是完全一样好吗。还有她的歌声就是天籁，让全世界的审美都在她身上达到统一，让奖这事儿也是挺敢写的，服了。
1301777969,7,二火山,40,2018-01-07 17:13:52,从摔爸到甩爸，女性解放的主题这次落到了母女身上，诠释的更为彻底，某种程度上也牺牲掉了父亲的话语权。阿米尔·汗的角色多少填补了以家庭决裂换来的女性独立所缺少的父爱。作为00后的泽伊拉·沃西姆，从摔跤手到灵魂歌者，演啥像啥，表现出了极高的演员素养。
1296886652,8,小川叔,50,2018-01-21 17:29:49,这个片子最精彩的在最后，不得不说，导演和编剧真的是个天才。如果只是一个少女追求如何圆梦的过程，这个片子也许就没那么好看，可是万万没想到在最后的那，故事出现了升华和反转。当然亲煽情的音乐开启的时候千万不要离场，结尾还有一个彩蛋，让你平复心情。
1309782380,8,花明,30,2018-01-20 23:58:16,剧情一颗星，拖沓到令人发指，幼稚到鬼才相信。音乐两颗星，贯穿全片的主要卖点，但那么多首歌，却比不上摔爸的一首主题曲。高分全赖女权的崛起和阿米尔汗的人气。米叔戏份不多，但每场戏都很耐看。我不想通过传闻去判断他的电影对印度的社会价值，欣赏他的伟大之处在于，他在每部作品都挑战全新的自己
1310977088,14,none,10,2018-01-22 15:08:38,"。。。看一半溜了，快吐了，得了便宜卖乖系列。已经这种年代了拍煽情片还如此拙劣。"
1315770872,48,南北极星,40,2018-01-30 22:11:54,很励志的电影，讲述了女权的崛起，其实很多有些不现实，但是在我们现实生活中，我们的确应该为了自己的梦想去追随。去要回属于自己的靠窗的位置吧!
1307629736,8,瓜子酱,30,2018-01-16 23:53:16,3.6。满意点：在一目了然、干干净净的家庭叙事中不疾不徐地制造冲突，剧情推进十分流畅，并自然地带出维护女性权益的意识遗憾点：父亲的角色坏得失真，在一些人物意识的转折上缺乏可信度，结尾的搞笑色彩真的有把刚积累到一定程度的感动给削弱掉诶
1317912113,2,Cycble,40,2018-02-03 21:38:20,中国翻拍的话应该叫做《土木三班陈同学》吧233333333333333333333333333，到最后，蛋蛋的男朋友才是那个陈同学23333333333333333333333333333。
1263319591,8,尼安德特人,40,2017-10-28 22:13:33,只有golden village上映，而且跟摔跤吧爸爸一样只有英文字幕，不过挺好看的。很催泪，跟妈妈一起看的。弟弟很可爱，小男友真的长得…而且看女主态度不可能一开始就暗恋啊那密码？不过那里很甜。歌也不错我喜欢第一首。妈妈最后那一出真的很给力，不过护照不拿回来没事吗。总之电影不错。
1320532429,49,爱吃地瓜,40,2018-02-08 10:30:02,阿米尔汗一出场我就乐了，很有喜剧天赋，很多面啊。
1309604888,6,西四小二,50,2018-01-20 14:16:52,儿童、女性、教育……始终将重要议题以商业电影的形式展示给更多人，一种被需要的政治正确的主旋律才是真正的主旋律吧，不得不说阿米尔汗真的很厉害。而针对这一部，被父亲伤害的女儿，被丈夫伤害的妻子，以及被隐藏在后的社会文化原因，被电影圈伤害的作曲家，音乐确实是讲述这一切最好的语言。
1309172236,3,鲸鱼君,40,2018-01-19 19:39:20,《神秘巨星》：它既有感性的一面：少女对歌唱梦想的不懈坚持、母子相互扶持的亲情，还有大叔的搞笑表现、好听的插曲，也有理性的一面：对音乐市场现状的反思、对男性权威的挑战和女性独立意识的觉醒，几乎是部无可挑剔的通俗剧。励志和温情两头夹击，很难不让人沦陷，它把造梦的权利放归现实。★★★★
1316367984,4,不良生,30,2018-01-31 23:42:16,我们都要想好自己要过怎样的人生。
1311907807,54,豆豆龟,40,2018-01-24 09:03:52,强烈推荐
1310223003,48,秋天的苹果,30,2018-01-21 12:18:14,不如摔跤吧爸妈。
1318917728,4,女神的秋裤,40,2018-02-05 14:19:43,意识和思想是需要觉醒的，不单单是女性角色的独立。那些把沉默当软弱的人，对他们不用客气。不要以为所有人跟你一样自觉，应不应该都是争取来的。
1309729053,8,水怪,40,2018-01-20 17:56:39,我们想拍没敢拍的，或者压根没想过要拍的，这类社会体系顽疾对于个人正当生活的压制，在《神秘巨星》里都有。人家就能随时随地Youtube，一带一路鼻祖只能在家玩快手。
1309337280,5,楊從周,40,2018-01-19 23:47:36,初恋，追梦，母爱，权利争取，家暴冲突。能把故事讲明白，还引起对印度社会的讨论，电影成功了。作为追求歌唱之梦主题（之一）的印度片，剧中歌舞却不多，大概是要控制气氛。人生太苦，需要有梦和舞台，追梦之路更苦，却也有更大的快乐。最佳女歌手的雅量太戏剧，我一直等待灵魂歌手开唱，她以哭剧终。
1309698226,12,一一,20,2018-01-20 17:02:29,"歌都好，但电影实在太糙且俗了，只能说导演有过的念头都是可贵的，父权社会，梦想，女性觉醒，甚至讽刺了remix狂潮，但每当配乐响起，感动的却只有屏幕里故作抿泪的演员。希望他能想清楚，让阿米尔汗在恍如PPAP的旋律里跳舞除了能展现丑角般的作用外，别的意义在哪里？                                <a class=""source-icon"" href=""https://www.douban.com/doubanapp/"" target=""_blank""><img src=""https://img3.doubanio.com/f/shire/c541f3cbc321589b29d7c7b6d00e620243f224d9/pics/comment/iphone.png"" title=""发自iPhone"" alt=""iPhone"" rel=""v:image""/></a>"
1268902409,8,突然粉碎,40,2018-01-05 20:26:12,没摔爸激动人心，但两代女性觉醒依然让人拍手称快，有些事说出来才能开心，有些事不说更觉得欣慰，没说出口的母爱，全都融化在难得的欢笑和关爱的眼神里，小吉塔长大了恋爱了叛逆了，看似唯唯诺诺内心却异常强大的妈妈是全世界最美的妈妈，片尾彩蛋有惊喜，乳齿骚浪贱的米叔你一定没见过
1292715180,11,资深低阶路人,20,2018-01-24 01:55:57,女主角倒是有神秘背景吧，既不会唱也不会演，非常做作，却有电影捧她，故事的逻辑和常识都抛弃(得奖女星说出自己配不上奖要让给神秘巨星时，眼珠子都翻出眼眶了。女主角人设也非常烦，成功基本都靠她的母亲和小男友，女主角遇事只会哭和发脾气，开头还说她要养家，呵呵。对家暴的低幼化处理非常生气！
1309746852,6,Salvatore,40,2018-01-20 18:30:04,弟弟小天使可爱！彩蛋太骚了
1309681200,8,萨嘎摩多熊猫桑,30,2018-01-20 16:34:18,剧情设置太过刻意了，冲淡了电影本身的现实意义。
1310644527,6,车瑞茜,40,2018-01-21 23:02:47,打动我的不是女儿的歌声，而是逆来顺受却可以为了女儿而变勇敢的母亲…
1310051309,50,小鱼干,40,2018-01-21 01:12:57,阿米尔汗这个人物形象好丰满，油腻但又超级可爱 。电影里有女性意识的觉醒，印度重男轻女的现实再一次被摆上台面 ，那个母亲在机场绝境中的爆发大快人心。    每个人都有做梦的权利☁️祈祷每个人也拥有追梦的勇气✨
1313282611,45,LYX不忘初心,40,2018-01-26 20:24:32,阿米尔汗真的是一个好演员，我看他上一部电影摔跤吧爸爸泪点很低，这部电影虽然哭了，但是感觉没有上一部的流畅😜😜😜😜
1309365956,4,杨清宇,30,2018-01-20 00:27:48,这小小的景别，这土嗨土嗨的升格，简直太适合在电视和手机屏幕上播放了不是么？其实大陆市场多一点这种简单粗暴价值导向基本正确的片子，也不是坏事。
1313873317,8,JulyChan,50,2018-01-22 18:58:14,家暴家庭长大的孩子，一辈子都要学着怎么控制情绪了。妈妈真好，看完电影想给我妈买包。
1314174163,4,白小蝎,40,2018-01-28 10:05:47,靠恰到好处的配乐拯救了平庸无聊的剧情，情绪点的bgm全部恰到好处，让人浑身发麻。双主线的剧情做的相当不错，虽然略平，但依旧有抨击人心的力量。阿米尔汗的戏路真的不是一般的宽
1309291886,7,indicent time,40,2018-01-19 22:50:45,每个人背后都有自己的故事，而最了不起的，是男孩阿腾的妈妈，没有她，男孩就不会学会爱人，就不会有这个故事
1309985913,7,向简,20,2018-01-20 23:44:14,标准化作业，母爱伟大，梦想万岁，出走娜拉。不学无术、横冲直撞、脾气巨大、自我膨胀、任何时候一亮歌喉鬼都服的小女主，0脾气、毫不利己、排除万难的都教授小男友，一直处在状况外、除了抽两嘴巴留下把柄之外只会赚钱养家的老黄牛爸爸，妈妈才是神秘巨星，小学生优秀作文的升华…彩蛋才我最爱好吗！
1309693089,13,嘟嘟熊之父,40,2018-01-20 16:53:49,每一个高潮段落，不论是物理效果还是化学效果，都催化的太完美了。国人也只能嘲笑人家土了，土归土，但起码人家不需要虚妄的民族自信。
1310701059,3,有有,50,2018-01-22 00:07:47,好感动，好久没有这么哭过了，小姑娘演得好好，妈妈也很棒，阿米尔汗太棒了
1308921237,10,darkcat,30,2018-01-19 22:28:51,只能说太梦幻了，喜欢妈妈，确实没有摔跤吧爸爸好
1306867692,8,团小纸,40,2018-01-16 22:05:44,音乐，梦想和母爱，有节奏的故事以及甜甜的小美好，还会阿米尔汗的出色表演，好电影。以及哭的我非常排毒了，这周应该可以阻击前任了吧。
1310482214,7,断水,10,2018-01-21 19:41:38,比猴神大叔还矫情，就盼着快点结束👌走出影院
1309262842,6,洛伦佐,20,2018-01-19 22:12:33,估计想离婚的女的都不敢离了，因为我没有那么一个多才的女儿，我离了丈夫找谁呢？
1308926284,11,康报虹,30,2018-01-19 10:57:06,YouTube：Everyone can be a superstar.
1309334591,11,啊灼灼,40,2018-01-19 23:44:11,俗套但很感人，女主还蛮讨厌的……好像她爸=  =
1311019424,12,バカさん。,30,2018-01-22 16:35:24,机场的女儿：“wtf？妈妈你为什么不早签字呀？”       妈妈：“傻孩子，这不是为了蹭到来孟买的机票嘛～”。      颁奖台的女儿：“我的妈妈一点都不傻！” 立场和出发点是好的，但是硬伤多，逻辑小问题多，主角光环太明显。
1309350824,7,冰山的阴影,30,2018-01-20 00:05:50,还是典型的阿米尔·汗式电影。用不带脑子的廉价烂俗喜剧外壳包装自由、梦想、平权的主题，而对母爱的讴歌简直是最安全、最有力的武器。其实蒙面的天才歌者本身便可以成为一个极具探究性的本我与超我、能指与他指的传播学议题。只不过冲着大众接受度的考量，这种启蒙导向的片子高一分出格，低一分滥觞。
1311170699,2,zzy花岗岩,40,2018-01-22 21:44:05,很套路的剧情，技术上也完全没有可取之处，但影片用情节去打动观众，用人物去引发共鸣，歌颂母爱，赞扬梦想，鼓励女性反抗，反映社会现状，是一部朴实温暖的电影。饰演母亲的演员很漂亮，阿米尔汗还是那么赞，女主角越看越像谢琳伍德蕾~
1310256906,3,巴卫,40,2018-01-21 13:25:05,阿米尔汗出手果然很感动，就是情节依旧很简单
1314163007,6,Yuyii,40,2018-01-28 09:30:24,虽然套路满满，但意义深远。
1307618998,13,香水瓶,40,2018-01-16 23:40:01,揭露家暴真相，呼唤女性觉醒。套路满满但拍得很流畅，一波三折，动人处不禁泪下。赞美母爱的同时，也并未性别敌对。导演一句话也很打动我：你可以选择成为什么样的男人。
1309195194,8,我爱罗南,40,2018-01-19 20:23:16,故事的情感表达有些复杂，前面冗长细节也不够流畅，但结尾很戳人。难能可贵的是阿米尔·汗没有因为大牌就给自己加戏影响叙事，这点加一星
1310479521,4,新月,40,2018-01-21 19:37:37,尽管最后是好的结局，但我觉得反讽的意味更浓。女主和她的母亲弟弟最后能逃离那个家暴成性的男人，几乎是一个奇迹。但奇迹究竟是没有多少的，更多的人恐怕只能一生都生活在黑暗和恐惧中了。家暴是一个关乎妇女儿童权利的公共问题，这个问题的讨论和解决都不应该私人化。
1312136535,45,yunfeir,40,2018-01-24 18:09:09,好看，很励志
1310412358,12,大海里的针,50,2018-01-21 17:43:29,阿米尔汗最后的舞蹈好骚气
1308613725,10,梦里诗书,40,2018-01-18 19:48:57,追逐梦想的道路上，父权的家暴专制成为了电影令人不寒而栗的阴霾，但这却并不能阻止那银铃悦耳的歌声， 《神秘巨星》用音乐礼赞梦想，也将印度社会迂腐的性别歧视和父权以鞭挞，用女权意识觉醒来捍卫的梦想，构筑了电影直抵心灵的所在。
1309945093,6,再见皮皮,10,2018-01-20 23:02:14,星战7.2这片你们给8.2，疯了吧
1309216647,12,小草沉潜于时光,30,2018-01-19 21:02:13,弟弟感人。最后掉眼泪了。因为我爱妈妈。但我觉得大家现在看印度电影都太夸张了。本来都不想看了。印度除了阿米尔汗还有什么。每次都大惊小怪一惊一乍。一个社会不从根本去改变，不改变大多数人，那所有的浮光掠影都是薄薄一层冰。底下是深不见底的黑暗的海洋。中国怎么样都行，就是千万不能变成印度。
1319828547,37,emillyhom,40,2018-02-07 00:05:18,冲着摔跤吧！爸爸去看的。觉得还不错啊。阿米尔汗就是个活招牌了。差不到哪里啊
1310930787,2,东湖美景,30,2018-01-22 13:35:49,勇敢触及家庭暴力、女性地位等敏感的印度社会问题，于印度而言，无疑又是一记重击。
1309186156,2,天天把豆豆来豆,30,2018-01-19 20:06:17,小姑娘实在是演得太灵了。
1316236965,32,酱紫,30,2018-01-31 20:00:34,因为 摔跤吧 爸爸 爱上了 阿米尔汗的表演，神秘巨星中 阿米尔汗 戏份不多 但是形象与 摔跤吧爸爸 完全不同，真是多变的 印度国宝级演员。电影中的音乐歌曲优美，主题应该是 印度女性地位低下中 母爱的伟大。
1309617241,4,沈十六,40,2018-01-20 14:41:01,很长但看下来没有觉得不耐烦。除了关于母亲的部分，最喜欢小女孩和小男孩的感情线。在实现梦想这样的大主题下，又讨论了家暴、平权、男尊女卑等等现实问题，温情和坚硬碰撞，有很多不一样的火花。不足之处很明显，父亲的角色坏得太彻底，有点立不住。另外，印度都可以用youtube、facebook，我们...
1309644537,5,ccinder摔毛笔,40,2018-01-20 15:30:33,可爱的点，感动的点都不少，总体情节还是偏童话向的。机场决裂之后弟弟那句无助的“我们怎么办”才是现实。小姑娘真的很灵。
1311168381,5,格里高尔,20,2018-01-22 21:40:22,阿米尔汗的搞笑和母亲的煽情有亮点，但电影整体幼稚得可怕，故事极为拙劣，手机欠费是最大困境，对角色毫无考验，这么快进入人生巅峰，下一步只能是去火星开演唱会了。家暴场面有一些冲击力，但解决方案明显虚假。所谓考虑印度国情的加分项有点多余，看到优兔和脸书，恕我只能想起贵国国情。
1304250180,7,rrr,50,2018-01-20 01:42:55,2018开年第一哭。To mother and great motherhood.
1295546142,5,K先生,40,2018-01-12 18:27:33,再次印度式摇头卡哇伊呢。麻麻弟弟男友有爱aww胖胖女主笑起来像我家GOT二丫。湿婆大神收了那些家暴直男吧。周董唱我叫你爸你打我妈。米汗紫色紧身衣骚到无法直视。歌好听。明明情节假大套却能好看兼社会良心不容易，因为并不空。这回不删减好评。某站不如改名优兔吧符合国情哈哈，彩蛋是啥你猜。
1310943636,7,嘿嘿，我爱你,20,2018-01-22 14:00:08,妈妈离婚后打算靠什么生活？当女儿的经经人吗？这是一碗关于梦想的毒鸡汤，小孩中想当明星的太多了，但是有才华的只是万分之一。人物形象片面，故事套路，不及《摔跤吧，爸爸》
1309127679,6,小黑眼圈,30,2018-01-24 18:09:12,走下神坛代表作
1314502048,5,桑宁,30,2018-01-28 19:58:21,伟大的祖国阿妈，我也想上优兔网
1311824155,3,血天,20,2018-01-24 00:32:12,三观上可能比摔跤吧爸爸好，某些设计也挺有寓意的，但是，故事太差，滥用音乐根本不能忍
1311238209,5,Yireny.H,30,2018-01-22 23:17:58,同意长评里其中一个标题，政治正确不代表不是烂片。本片跟摔跤吧爸爸差的不是一点点，女主的成名之路堪称童话故事一路平坦最大的阻力居然是爸爸……大制作人倾力相助不求回报也没有什么具体原因……妈妈在机场智商秒高100请问你前面干什么去了。如果这片是中国导演拍的，它的分还有8吗？
1311007132,7,黑眼圈,30,2018-01-22 16:10:11,远香近臭，套路片，但因为隔着一个国家，面对这些瑕疵就能更宽容。在电影院泪流满面。但阿米尔汗很危险了，反派依然很刻板，他不能一个励志模式走到头，观众会疲惫的。但电影同时还传达了另外一个令人绝望的讯息，如果你不出挑的优秀，你很难走出生活给你的困境。诶。。。。
1311017244,9,林立,50,2018-01-22 16:31:03,家暴 性别歧视 结合真相访谈 阿米尔汗真是可敬的演员。。。
1311017244,9,林立,50,2018-01-22 16:31:03,家暴 性别歧视 结合真相访谈 阿米尔汗真是可敬的演员。。。
1320586390,40,玥玥的幸福未来,40,2018-02-10 11:37:00,米叔的电影啊，不想错过，质量绝对有保证！
1277660967,5,愛永,50,2017-12-11 20:42:10,「摔跤吧！爸爸」的姐妹作。當父女關係變成母女關係，能表達的只有更多。
1316291804,2,非魚,40,2018-01-31 21:50:08,你要女权还是优兔还是靠窗的位置？
1309919786,2,欧阳锋,20,2018-01-20 22:35:43,阿米尔汗是一个伟大的演员，不过这个片子是真的不行，尤其是这个女主角，自私，暴戾，狂妄：）
1321913973,1,刘小黛,40,2018-02-10 20:04:04,摔爸的卖惨价值观问题，继续延续到这部。但是电影只要有一个点触动到心里，你就不能说它烂。要说全片，当然有很多太过圆滑的问题，和奇迹男孩一样遇到的都是大好人，现实却更加艰难。人家的歌，就是可以代替叙事，融合得恰到好处，不是一言不合就唱歌的马戏。是深陷平庸还是创造价值，源于脑中要有梦。
1301781666,6,零点,20,2018-01-07 17:18:56,bad day bad movie
1309240253,7,绮丽英格兰与我,20,2018-01-19 21:40:08,莫名其妙的逻辑和三观……人物弧光转变得非常奇怪！！！运镜满是廉价的电视剧感 总而言之 非常无趣 女主角这种性格设定蛮新奇的 但是真。的。完。全。不。讨。喜。至于女权，看看YY一下得了 电影总归不是解决问题的方法 因为广大受压迫的普通女性 不是天才 也不会唱歌。母爱这主题倒讲得很好
1309214476,10,蛀牙,30,2018-01-19 20:58:20,歌曲不错，但剧本太糙。“女主除了不好好上课外完全没有体现出任何她在音乐上面付出的努力，她的成名显得非常轻松，油管网红哪有这么好当，颁奖典礼孔融让梨，太过理想也非常刻意。镜头运用也很平庸”关键是我跟我妈去看的，对我而言很有意义。泪点低的她一直在哭…以及就算米叔演中年油腻男我也爱！
1309144016,3,Lafayette,10,2018-01-19 18:36:10,看了一小时离场，别人问起我为什么觉得不好看，我想了半天，只好说“这个女主长得特别像我一个非常讨人厌的表妹(真事）”，我怕说起这片的一丁点不好就被闹友尽。
1309840360,4,路西法尔,30,2018-01-20 20:57:18,众人爱戴的阿米尔·汗老师其实显得有点多余……他都不需要真正出场，那首天籁之歌也不需要完全展现在观众面前……而真的需要实拍的地方却全是虚的，比如youtube视频全是MV的拍法……假设那个穿布卡弹吉他的女孩活生生呈现在我们眼前，我们或许会突入更加争议的现实空间而不是片中那个温情的网络世界。
1311024526,8,列那☪,30,2018-01-22 16:45:37,2018第2部@台东万达。是自己在万达闲逛时现买的票，因为喜欢阿米尔汗，上一部《摔跤吧爸爸》看哭了印象特别深，但是这一部就有些简单了，比较天真和理想化。如果看过摔跤吧爸爸，再看这部，会觉得索然无味。我只看到了一个父母花高昂学费不好好学习的女主角，Youtube红人哪有这么好当！
1311078270,7,莫邪,30,2018-01-22 18:49:27,这是一种叫做“印度梦”的新的电影类型吗？父亲这个角色作为男权的符号不可信（不具备必然性），抗争就变得没有意义，也没有力量。斗争从来没有这么容易。让女性撑起半边天的，不可能是灰姑娘的水晶鞋。
1310493634,4,北斗斋,50,2018-01-21 19:57:39,看了神秘巨星，好看的并且推荐，最后女孩在灯光下揭掉黑袍真是泪目，妈妈也很伟大。近年来印度关于性别歧视和女性觉醒的作品越来越多，说明他们在反思在进步，反观我兔明明一代前辈打好了不错的基础，最近却倒车开到飞起，令人不安。
1291675785,2,言。,30,2018-01-20 21:30:08,如果缩短半小时应该好看很多吧（土豪版的阿米尔汗太逗了
1309272970,3,仁慈的父,50,2018-01-19 22:26:13,虽然看起来很有阿叔主旋律套路，但是题材真的蛮难的，尤其在印度那种氛围中，两场高潮戏看得我毛孔都张开了，没有一句台词多余，没错一场就是母女对手，另一场就是在机场，冲突感处理的如同教科书，故事讲得贼好，所以穿帮镜头可以忽略不计了。旁边的大小伙子都哭的稀里哗啦的，想问他都经历了什么。
1310471637,1,morphine,30,2018-01-21 19:25:14,其实挺一般的
1316967502,3,Littlestupiddd,20,2018-02-02 02:12:21,印度版玛丽苏剧情 电影开场半小时后绝望离场
1310042359,2,马 夋,30,2018-01-21 00:55:09,都不用强调里面的女权了。单就讲好了俗套温情戏，且讲故事用节奏，不拖沓，就够学习了。印度歌舞片拍了那么多年，真的拍一部音乐相关的电影，音效处理的真厉害。
1314425363,28,梨树下的猫,40,2018-01-28 17:47:40,推荐阿米尔汗的这部电影，挺好看的(｡･ω･｡)ﾉ♡
1310988750,2,又又,40,2018-01-22 15:32:36,好长……好煽情……好油腻的阿米尔汗……不过小女孩演得真好
1312069122,5,Tiberium,40,2018-01-24 15:38:39,又是一部剧情逻辑在天朝完全成立的电影，但是在我朝多半过不了审。中间的那首让女主角爆红的歌我都想好了，就用《如果有来生》。
1310257793,7,glow,50,2018-01-21 13:26:41,我觉得这部片子对印度女性在社会中的关注甚至超过了摔跤吧爸爸，比起女主角的勇敢我觉得她妈妈更勇敢。
1311787263,3,包大人,40,2018-01-23 23:30:51,妈妈太美了，完全被迷倒。
1314740163,2,鬼 鬼 ™,40,2018-01-29 01:02:10,喜欢阿米尔汗，虽然是配角…印度人拍这种鸡汤片真的得心应手啊！不得不服，戳中泪点。
1290322456,3,高等游民阿朽,30,2018-01-19 22:19:16,从没因为自己的女人身份被歧视过（反过来欺负老公哈哈哈），就很难认同了。况且这部也比较生硬。阿米尔汗的套路，还是没有摔跤吧爸爸那个自然啊。
1309842643,1,承泽明,40,2018-01-20 21:00:40,3.5。套路、说教，但却有笑有泪，温情满满。结尾的两个反转让人惊喜！
1319134499,0,JA5ON™,20,2018-02-05 21:20:50,作，每个环节都滥！这种烂俗的鸡汤真的没意思，而且不由自主讨厌女主。母亲那条线还可以。
1321895434,1,OCTIO≯,40,2018-02-10 19:31:07,有个好故事电影就成功了一半，其他真就不计较那么多了，这样煞费苦心下大力气刻画的母女情实在无法不令人动容！演员的眼睛里真是有戏，如此饱满的情感，难得又能如此真实自然！…不得不说配乐实在太给劲了，该放的时候那力道真是杠杠地！配上画面居然感觉好爽好带感好过瘾！有没有搞错这只是部文艺片啊
1318213818,35,瞅你咋地,50,2018-02-04 12:02:10,阿米尔汗的电影从开始的三傻到pk一直见证着他的喜剧天赋，最近几年他的电影开始转向关注社会问题，无论是摔跤吧爸爸还是这部神秘巨星都在一定程度上折射了印度国情，女性地位低，这部电影开始一部分就让人很心疼女主妈妈的处境，总之是一部诚意之作。
1309966764,7,曼仔,30,2018-01-20 23:24:39,故事的大构架非常。。玛丽苏，太多情节都非常禁不起推敲，但表演的都很好，里面最让人动容的是女性的处境和女性的反抗，虽然煽情非常过，但联想到印度的现实，还是觉得影片非常有意义。
1309575674,3,寒枝雀静,30,2018-01-20 13:20:20,D＋/ 尽管摔爸的问题并没有解决，但是终于有除了主角之外不那么像提线木偶的人物，也没有像剪头发那样在价值导向的诉求里引发争议的段落。人物逻辑还是很有问题，但是戏剧性上有效。最终依然是第三世界人民从传统到市场体制中的不彻底救赎，看到满屏的消费文化符号真的误以为自己还在殖民地了。
1312467251,1,T-yony,50,2018-01-25 10:08:13,阿米尔汗的电影一直站在女性视角，为女性说话！在这样的国情体系下，教会女性独立并且打破自己人生命运的牢笼……哭了好几次，太感动了！其中电影笑点也很多！
1311820309,5,鲍德信,10,2018-01-24 00:24:40,这片子还能8.0？那我要替一系列5分以下的套路式中国梦想青春片不服了。不能换成阿三就给高分吧？全片充满了诡异隐喻，大举第三世界反封建（正戳国内田园女权）大旗的口号政治宣传片。然而还是一个中年老男人视角下意淫的逐梦演艺圈小白兔，拒绝歌词里“性感”二字的清纯白莲花，呕。
1310133865,7,一张疯子照,30,2018-01-21 08:46:52,一般，女主其实也是暴脾气啊！
1309239552,1,老罗Lazzaro,30,2018-01-19 21:39:04,阿米尔·汗贡献配角培养新人，再一部关于励志梦想与女性平权的故事，相较之下转折套路，煽情落俗。妈妈最后的觉醒很是解气，这个角色才是所有天才背后真正的神秘巨星。
1309307514,3,吃瓜少年,50,2018-01-19 23:10:24,故事简单但元素挺多:梦想，亲情，女性意识……时长两个半小时但看下来很顺，有笑点也有煽情，歌也好听，还会暗自庆幸还好投胎在天朝而不是印度
1310430791,36,CIEAM-,30,2018-01-21 18:15:00,150分钟能让人触动和流泪其实是挺不容易的事，特别是像我这种泪点很低的人，也许故事很老套，却很写实，羡慕印度有这样责任感的国民好演员，其实女性问题在中国也有，但是我们缺一个阿米尔汗。电影无国界一点也没错，最后庆幸自己没有生长在印度这样一个女性没有任何地位的国家
1317014620,42,不存在的小确幸,40,2018-02-02 09:00:36,因为之前看过摔跤吧爸爸对阿米尔汗很有好感所以去看了这个。这次阿米尔汗很不一样而且看的时候阿米尔汗那个角色我分分钟就带入邓超毫无违和感！整部片子看的最激动感慨的地方就是妈妈带着他们离开机场那里了！超解气的！感动的点基本都在母爱这里，母亲就是最伟大的神秘巨星！
1309306134,2,DH,30,2018-01-19 23:08:36,其实一般般  三星半
1310157871,1,悟仁,50,2018-01-21 09:59:55,压抑但是乐观。镜头语言非常流畅，音乐非常给力，像诗一样的电影。
1309951769,1,阿姝Victoria,30,2018-01-20 23:09:18,7分。追求梦想的励志故事，虽然情节还是套路并煽情刻意，但还是感动的。男权至上甚至家暴重男轻女等思想行为有时候并不全是男性的霸凌，还有源自女性的不敢反抗和自幼时环境的根深蒂固。希望每个女孩都可以自由选择婚姻，追求梦想，被平等对待。 阿米尔汗真的风骚，彩蛋满分。with Asuku.
1310719206,3,Hushnore,50,2018-01-22 00:34:59,除了我没成巨星以外，其他故事简直就是在讲我家……想到这里，我哭得更凶了。
1309890517,0,花轮君,40,2018-01-20 22:01:10,家暴男原地爆炸！
1286658533,2,萌发奇想,30,2018-01-21 13:58:34,3.5分，相比米叔之前的电影稍弱，结尾太过煽情烂俗。但是还是被这样伟大母爱感动了，所以这是一个永恒的主题。同样有着一些深刻的女权，反家暴，重男轻女的社会问题。“妈妈不是胆小鬼，在我出生前就开始抗争了”听到的最令人感动的话。里面歌曲很好听，那个之前摔跤的小女孩吉塔长大了也变漂亮了！
1317359187,0,李寶庫,40,2018-02-02 21:41:14,是一部很容易令人热泪盈眶的影片 它和我们探讨了梦想 情感 自由因何而可贵 它也告诉我们 人生最动人的画面 是你竭尽全力的样子 在印度片里 总是不乏展现女性地位鲜无的社会环境 用音乐礼赞梦想 也将印度社会迂腐的性别歧视和父权以鞭挞 用女权意识觉醒来捍卫的梦想 构筑了电影直抵心灵的所在 好电影啊
1309072477,9,金城無,20,2018-01-19 16:07:02,我觉得特别一般
1318087750,1,塔拉胡,40,2018-02-04 01:51:02,喜欢妈妈，她才是神秘巨星。神烦女主角，太自私了，动不动就炸，不识好。但仔细一想，她也不过是个十来岁的少女。已经非常勇敢了。坦白说，跟阿米尔·汗之前的几部电影不在一个水平线上 但依然愿意加一星。因为他始终关注弱势群体并为她们发声，“有些人连拥有梦想的自由都是不被允许的。”
1309712927,1,叉叉,40,2018-01-20 17:27:56,小姑娘演得很棒哎，从摔跤吧爸爸里的小配角到这里独挑大梁。妈妈超美！阿米尔·汗演一个油腻又骚气的肌肉男也很好笑！电影终究还是有点理想化，现实里苦逼多了。几首歌都非常好听。终于没有印度电影传统的一言不合就尬舞了，松一口气。
1310190794,4,莫小巧,30,2018-01-21 11:25:48,励志外壳亲情片。印度电影看的不多，第一幕无一例外地冗长。这片其实剧作不规矩，焦点经常性偏转，各线间联络也不甚紧密，缺点多到有些疙疙瘩瘩，但因为主题当中的批判性和用心布置的温情，加之人物趣味，不足之处变得不再引人注目。
1310637035,3,任孝恒ShawnRen,10,2018-01-21 22:54:11,第一次看到比高考满分作文还工整的电影，从剧情到演技整个油腻得要死没法儿评价了，站在我的角度这女主挺自私的，要我从小照她那么个任性法儿我妈早再婚800回了。
1307421071,3,暖小團°♧,50,2018-01-16 18:28:21,剧情细节欠推敲，真的好看，不知道别的怎么评价
1308591879,1,lalacat,30,2018-01-12 22:46:29,又名《唱歌吧！妈妈》，依旧关注印度女权议题，剧情走向基本固定，并没有太多惊喜。有些地方处理太过戏剧化，少了些自然。
1311101796,2,慢先森,50,2018-01-22 19:41:50,"比摔爸好看啊喂，前面比较一般，父亲太脸谱化，后面比较爽，尤其是最后母亲的觉醒。感人。@南坪雅图                                <a class=""source-icon"" href=""https://www.douban.com/doubanapp/"" target=""_blank""><img src=""https://img3.doubanio.com/f/shire/f62b2d2de3fc4a56d176b01cc3bbd47d2681fb38/pics/comment/android.png"" title=""发自Android"" alt=""Android"" rel=""v:image""/></a>"
1314684049,4,阿南,50,2018-01-28 23:41:20,这部电影确实有把我看哭。虽然说剧情俗套了点，甚至观影过程中感觉阿米尔汗的种种表现有些许浮夸。但是这并不影响对这部电影打五星好评。一个伟大的母亲肩负着太多使命。一个看起来柔软懦弱蠢笨的外表深处是无比强大坚硬的心。顺便吐槽下印度追逐梦想犹如西天取经而在中国你的父母会帮你报好各种兴趣班
1309766851,5,大聪看电影,30,2018-01-20 19:05:01,"《神秘巨星》的故事铺陈其实很传统很套路。但，所谓的传统就是已经深入人心得到认同才叫传统。所以套路也是经过很多经验得到的认可。这两点只要做到极致，就能像《神秘巨星》一样传统套路但观众买单。                                <a class=""source-icon"" href=""https://www.douban.com/doubanapp/"" target=""_blank""><img src=""https://img3.doubanio.com/f/shire/c541f3cbc321589b29d7c7b6d00e620243f224d9/pics/comment/iphone.png"" title=""发自iPhone"" alt=""iPhone"" rel=""v:image""/></a>"
1269895276,3,何婊砸,50,2018-01-19 23:56:04,每个人应当有做梦的权利。有时候梦想是会被现实生活打倒的，但只要有才华，敢作斗争，终究什么都拦不住。印式煽情大片真厉害，每次看都能又激动又感动落泪又狂笑，极能教育点醒父母子女之余又暴露出太多社会问题，同时还催人奋进激励人心。阿米尔·汗演的玩世不恭自恋音乐人太爆笑了，能歌善舞好厉害！
1301092156,6,一口吃掉小蛋糕,50,2018-01-06 19:28:07,阿米尔汗可还行，太颠覆了。各种催泪，后半段一直哭哭哭哭，哭不停
1318430024,0,申由己,40,2018-02-04 18:57:28,挺感人的
1314163469,0,daangel,40,2018-01-28 09:31:50,任何社会进步都非一朝一夕，但愿现实中的印度能够做到。
1316718178,0,小瓶盖,40,2018-02-01 18:26:39,她妈妈好漂亮，出道那首歌很好听。虽然有点理想主义。不过有梦想总是好的。这个女儿太粗糙了，长相还是其次，就小男友那件事上她似乎是个利益至上主义者。
1309735495,3,novich,30,2018-01-20 18:08:40,果然很适合家长带小朋友看，感恩母爱，励志追梦，社会改良情怀，有大量慢动作的奔跑，奔跑……只有汗大叔的自黑自嗨适合成人观众。另外，歌曲再多点就好了。
1315996777,0,雪,30,2018-01-31 11:09:24,繼續挑戰
1261939521,8,我就是树袋熊,50,2017-10-25 21:54:56,"150分钟 一点不觉得长 不知道这是不是现代印度社会的主要家庭情况 只觉得自己超级幸福 Insu, Go. Go claim your window seat ❤️"
1309003129,3,蔡斌,50,2018-01-19 13:46:17,非常套路，非常煽情，非常主旋律，然而就是非常好看。歌曲真是太好听了。阿米尔汗真是太可爱了。看看人家的商业片啊！
1313332144,3,陆大鹏Hans,50,2018-01-26 21:51:18,确实很老套，但实在太棒了！
1312160865,1,傻乐的猫,30,2018-01-24 19:04:54,不仅是反家暴片，也是反绿教片。印度人来拍，挺合理的。
1309210627,2,毛力,30,2018-01-19 20:51:27,我更喜欢摔爸，张力更足。汗的保加利亚妖王风歌舞值得一看。
1290583078,3,梅岭藏殊梅长苏,50,2018-01-19 22:06:37,害怕还要去做才是勇敢，妈妈太勇敢了！
1312165601,1,电影收藏癖,40,2018-01-24 19:15:52,片尾出字幕后还有一段骚舞别错过！此次米叔屈居配角破格出演骚浪贱。可能是米叔电影最没意外性的一次，剧情实在太套路过于理想化了！最后强行升华还不如俗套点，其实不必过度吹捧。但本片OST全部都超好听！！堪称完美！另外，家暴固然要强烈谴责，除此之外爸爸也挺可怜的。妈妈好美演技也不能忽视。
1289991122,1,kiki204629,40,2018-01-21 20:47:37,在印度，一个女孩能诞生是多么的幸运，男权社会下的女性地位太卑微，故事脉络很简单，不睡觉就无法做梦，但清醒时你必须努力实现梦想。比梦想更打动我的是母亲伟大的爱。母亲选择对抗丈夫，女儿颁奖礼掀开罩袍☞女性意识的觉醒。P.s.很开心陪妈妈看这样一部歌颂母爱的电影；彩蛋不尬舞不算宝莱坞？
1309739304,0,Panda的阴影,40,2018-01-20 18:16:01,同样是关注女性题材的作品，但剧本比起《摔跤吧！爸爸》逊色挺多，很多情节的起承转合问题蛮多，如油管爆红（翻译成优兔网，醉了）、阿米尔·汗的角色要是如《地球上的星星》里的老师一样好心肠，他的所做作为也比较靠谱些……全片最喜欢的角色是钦腾和弟弟古杜！P.S.；彩蛋→火星哥-The Lazy Song！
1298400682,0,Strelizeia,40,2018-01-17 11:23:38,感谢豆瓣观影赠票，接上一部依旧关注印度女性问题，很佩服阿米尔汗这样有高度又有深度的思考，看完感觉这部更多的是母亲和亲情，因为有母亲才有女儿的一切，才敢有勇气去追逐梦想与自由，所以母亲才是真正的“神秘巨星”。
1306549154,0,Mumu,30,2018-01-22 22:46:46,3.5星，一路纳闷儿女主的嗓子和歌儿有那么神奇吗，原来讲的是妈妈的故事，那就是了。
1316814616,31,小dirty,30,2018-02-01 21:35:59,可以
1310938066,1,狗尾巴草,30,2018-01-22 13:49:11,故事比摔跤爸爸更简单一些，但传递的社会信息还是非常震撼有力。
1311374910,1,iriselite,40,2018-01-23 09:33:03,整体比摔跤吧爸爸弱一些。这次妈妈登场了！
1312073739,1,seabisuit,30,2018-01-24 15:47:10,整体设定就和她傻缺老爸与阿米尔汗的表演一样造作，结尾要是走了说这是真事我信但不走就完全发挥电影的造梦作用了，好在表现女性的处境对印度来说还算有意义。本来就大段mv式唱歌对话还无节制的重复配乐就太烦了还好把歌舞放入彩蛋，玩局域网的我们看全球网络优兔的厉害，请善待隐藏在ID后的网友。
1309848880,6,彭于晏,40,2018-01-20 21:09:34,女主其实很像爸爸，控制不了自己的负面情绪会对身边的人乱发脾气，会出口伤人。大抵都是这样吧，青春期的叛逆少男少女厌恶父母身上的某个特质，然而不等到长大就会发现自己也被这种特质所影响。#承认吧，最终还是会长成父母的样子#
1309916920,3,Mercury,40,2018-01-20 22:32:34,童话般的电影，真的是一剂济世良药，还是只不过一个虚幻的肥皂泡？
1309235195,0,大莫,40,2018-01-19 21:32:15,很套路，但依然被母爱以及女性力量觉醒这样简单普世又有力量的主题感动，如阿郎说的，女儿稍有松懈就会活成母亲，母亲一旦努力也能成为女儿的样子
1307651585,1,蔺瑜笙,40,2018-01-17 00:26:06,比摔爸好看 比摔爸深刻 女主角演的太太棒了 ！ 音乐好听 彩蛋看阿米尔汗跳舞感觉超值！
1310900930,0,SingLesinger,40,2018-01-22 12:38:23,观众现在买账规规矩矩写的好作文还是值得庆幸的，从头到尾都很套路情绪音乐都铺的好满。
1318387835,0,山下猫,40,2018-02-04 17:40:32,三半，英雄的成长绝非孤立无援，被粗暴对待却仍有爱的小竹马和弟弟。女主的暴力倾向是受害者的正常反应，在追求梦想中同步克服。母亲的形象非常完美，也讲出忍受与反抗都是被人引领的尴尬。看完有男观众表示反派功能的父亲角色不可信。的确是童话处理但有其现实意义。手法都很经典派，像老歌一样有效
1309736778,0,Enjolras,40,2018-01-20 18:11:12,传承自《摔跤吧！爸爸》的女权主题与故事模式，但却一点都不会让人感到重复。既有印度式的诙谐浪漫，也有对于社会问题的深刻挖掘。最终的煽情来得意料之中却依然让观众动容，当阿米尔·汗不再是主角，却为观众带来了另一场更为热烈的“印度梦”。
1314793145,0,浩子有猫饼🍥,50,2018-01-29 05:06:49,阿米尔汗大叔的人格魅力大放光芒呀，再度携沃西去探讨印度女性题材的电影话题，电影的主旨很好，即便题材俗气，但阿尔米汗在这电影也很好地给大众诠释了什么叫大俗即大雅，感动地一塌糊涂，希望每年都能看到一部阿尔米汗大叔参演的电影。
1308823609,6,大風起兮,10,2018-01-19 01:37:22,电影故事情节非常老套路，这片如果能高分是不是证明外国的月亮圆，国产片无问西东才7.4。
1313847295,0,yѧѳ⑉爻,50,2018-01-27 20:13:38,【太原街金逸w.m
1310123529,4,Estarriol,20,2018-01-21 07:55:39,全世界除了女主他爸都爱女主，唯一的恶人女主他爸还要每天工作17个小时，交双倍学费送学渣女主走后门进好学校。P个S，女主唱歌水平并比不上易烊千玺。P.P.S.老子要生个娃考30分老子也掀桌。P.P.P.S 女主要把她弟甩了和她老妈跑路怎么看都觉得只是需要个人伺候。
1316646294,1,软蛋黄,10,2018-02-01 15:53:49,直接尴尬癌晚期
1308458993,2,仰望星空,20,2018-01-18 14:24:11,看到提前点映。琐碎累赘的镜头过多，导致全剧时长过长；剧情反转衔接较突兀，缺乏对当事人具体心理活动的细致描述，显得有些牵强。
1310547027,1,90,40,2018-01-21 21:09:46,中印关系僵化没有让这片减少排片，我还是很欣慰的。影片题材不错，虽然有小瑕疵但是整体观感还是好的。从摔跤吧爸爸到唱歌吧女儿，阿米尔汗这是要变成女权斗士的节奏啊。
1310084750,3,Larkin.,30,2018-01-21 02:40:06,直白的励志，套路的情节，生理性流泪。我水土不服，失望。女主脾气差，做事作，情商低，难道这是一部用主角凸显配角的电影？我喜欢美丽善良的妈妈，可爱懂事的古都，参透世事的姑奶奶，忠犬小男孩，逗逼大明星，甚至理解喋喋不休的巫婆老师，同情夫权社会下辛苦工作无处发泄的爸爸，唯独讨厌女主。
1321944664,0,微喵の兔纸,40,2018-02-10 20:51:22,唱歌吧，妈妈
1261194972,2,cincky,30,2018-01-22 02:51:24,觉得这家老爸贼惨，被全家人diss还要拼命上班，一个充当编剧迎合某种政治正确硬凹的反派脸谱工具（暴力系直男癌），结局那里让奖杯肉麻得起一身鸡皮疙瘩，女主谈恋爱就是把对方当成百宝箱，一提供不了帮助立刻翻脸砸墙扔书包，歌好听，但观影体验就是苦哈哈里哈哈哈的机械过程。
1311055283,1,蓝抑郁剂 Lily,40,2018-01-22 17:55:05,是不是就因为我是女孩子，所以就要倾尽所有的努力才有资格谈梦想呢？
1316594650,0,★,30,2018-02-02 10:16:14,2.5跟摔跤吧爸爸相比，是沒有任何意義和可比性的。
1310938856,0,刘没没,40,2018-01-22 13:50:45,节奏没有摔跤吧爸爸掌握的好 不知道是不是我看了国语版的原因 没有爸爸那种节奏了 剧本选题选的很好 应该是可以走向世界的东西“家暴、女权、梦想”青涩的初恋 明星梦都是现在大部分都有情感共鸣的东西 希望女主可以再瘦一点
1270773742,4,东柿茄孜,20,2018-01-20 00:58:29,…头一次看汉叔的片子觉得繁长又做作。
1314035102,0,无敌的我 @ 头发快点长,40,2018-01-28 00:09:15,米叔又精分了=.=氮素很口爱，特别是随时要爆裳的一身鸡肉！最后母爱的煽情全场都哭成狗然后就突然灯亮了……伟大的妈妈
1302098996,1,Sabrina,40,2018-02-02 20:29:00,其实很拖沓，略显平庸了。他爸爸出差、外派的日子就是母女的好日子。最后的彩蛋太没必要了。印度可以上YOUTUBE、TWITTER、GOOGLE 呢。红老爷们为了维护自己子孙的统治地位，不惜又一次闭关锁国。NND！
1307814757,1,jj73浅之,40,2018-01-17 11:51:56,电影本体并不高明优秀，弱于摔跤爸爸很多，典型的题材取胜，拍摄为题材服务。“我所获得的自由，都是妈妈给的，她是战士”哭成傻逼
1269923213,0,小山生桂枝,50,2018-01-19 21:11:08,如果我们拥有足够的爱和勇气，就会获得自由吗？印度问题很多，鸡血片也多，但电影里看得出来他们还是能在渴望美好未来的同时，正视现实。| 电影里女主角唱的歌都很好听。
1309495250,4,养花儿的🌸,10,2018-01-20 10:37:39,垃圾
1316088017,0,SELVEN,30,2018-01-31 14:40:40,60/100 够通俗。
1318343446,0,二月鸟语,30,2018-02-04 16:20:32,高潮段落情绪的推动非常套路，但用的很好，观众也很吃这套，主创厉害。但最后颁奖礼上获奖女生把奖转让给妹子的强行转折对我而言在剧作上是很不满意的。
1269950562,3,给高科长打call,40,2017-11-12 10:35:14,很精彩，和《摔爸》有得一拼，支持阿米尔·汗✌️
1311915451,9,帅十一,10,2018-01-24 09:30:48,看到评分这么高，一度怀疑我是不是对电影有误解？剧情老套昂长，脱离现实，看了不到一小时就猜到结局，2个半小时睡了40分钟起来剧情依旧接得上，整场尿点两次。
1299321259,2,南枳,40,2018-01-19 23:37:08,母亲的角色像土地一样，吸收了所有的歧视、误解和惩罚，是全片最温暖的底色。追梦的女儿形象太有生命力了，首首歌都唱哭我。非常喜欢里面懵懂的初恋故事，这才是真· 少女心啊！离婚的部分过渡有点生硬，但是瑕不掩瑜，米叔真的是值得尊敬的电影人。
1321928195,0,paracelsus,40,2018-02-10 20:25:51,做梦是基本人权，醒来就是为了实现梦想。
1314372018,0,梦到醒不来的梦,50,2018-02-03 20:06:55,为什么评分这么低
1310788511,0,wsiwei,50,2018-01-20 22:16:30,勇气，我们自己给自己。也许不能成功，但我们要去试一试。伟大的母爱，美好的初恋，给力的兄妹情。@嘉兴
1306234861,3,Envy Ryu,40,2018-01-14 20:25:48,如果说摔跤吧爸爸是赞美父爱如山，这一部是则是歌颂母爱，神秘巨星的背后有一个伟大为女儿“战斗”的普通母亲，相当感人！
1309270863,4,sun,40,2018-01-19 22:23:26,8.5分。故事真的很俗套，但拍的一点不无聊。再残酷的现实其实都掌握在自己手中，鼓起勇气迈出那一步也许就会能打开牢笼放飞梦想了！妈妈很美！米叔逗比又中二，演的都很好。
1313194108,3,璐璐,40,2018-01-30 18:06:47,印度电影究竟是怎么做到拍的又土又俗又好看的？？？？BGM有意思。
1309404785,4,幻蓝,50,2018-01-20 01:50:27,阿米尔·汗的片子，是可以想见的从困难中寻找梦想的主线，但每次都还是让人感动。片子中呈现的女性处境，让人能感觉到切身之痛，又非常难过。那种社会里，确实不是每个男人都是暴君，但妻子和女儿的生活有多地狱，不过取决于那个男人的私人品性和性格，才是比恶夫的拳头更可怕的事情
1313996341,0,izaijin,40,2018-01-27 23:23:38,印度阿戴尔的个人成长反抗史。
1309266051,1,Plauto,30,2018-01-19 22:16:58,买张电影票，喝碗神汤，再附赠十首完整表演，童叟无欺
1311510643,1,旧书君,40,2018-01-23 14:58:50,最服阿米尔·汗的一点就是他可以抛弃身为电影作品本身应该有的审美。永远以最接地气的方式来说故事。居然奏效。包括这一部的人设，一个电影里万人嫌的角色身为观众却完全讨厌不起来。反而真是特别可爱了。
1315198819,0,沙宣,50,2018-01-29 21:53:26,带头巾和掀掉头巾都好燃
1309881266,2,SleepWalker,40,2018-01-20 21:50:54,不是女主，也不是阿米尔汗，不看到最后，就不会知道，谁才是真正的神秘巨星。这部影片的勇气和社会价值跟摔爸一样强大。叙事节奏特别舒服，起伏有度，但人物性格的塑造瑕疵不少，细节欠缺处理，整体不如摔爸。阿米尔汗戏份有限，却仍然凭借强大的气场和精彩的表演撑起了影片的后半段。
1311722912,4,远古飞行员,30,2018-01-23 22:04:32,作为剧情歌曲片，我觉得歌并不好听。倒是剧中人物刻画还蛮现实，没有所谓真正的好人，父亲暴力但也是幸苦，小女孩有梦但还是挺暴力的，母亲懦弱但大问题很果断。我倒是觉得这个片，发生在很多家庭中。
1314620111,0,小小虫,40,2018-01-28 22:28:00,过于浓重的商业气息，一个女权童话。家暴那场戏吓哭了。
1269309248,2,扣子,40,2018-01-16 22:22:32,8.4分。米叔真的是印度的良心，从《三傻》批判教育、《PK》批判宗教、《摔爸》批判封建再到这部批判印度的男尊女卑传统。配乐满分，但是全场最佳要给男孩，那爱慕的眼神让人陶醉，明知即将失恋，但那眼神已经告诉我们能和你在一起这段时间我心足矣，导演说他俩真是情侣，这眼神是演不出来的
1313895144,3,RiverCheung,20,2018-01-27 21:25:26,可怕的并非是呆板的可称为俗套的故事走向，亦或是刻意到甚言恶意的煽情，而是追梦中整个行为过程的失真，乃至于沦为浮华的犹如儿戏一般闪着廉价钻石泪的舞台梦。梦的虚幻性是值得警惕的，娜拉走后怎样？浮在空中的臆想终不能孕育出扎根土壤的女权之花。5.0
1304976510,2,Luc,40,2018-01-12 23:19:37,阿米尔·汗和他的女儿真默契，煽情也是煽情，但是真的好！ 好！ 看！ 主旨还是和《摔跤爸爸》一样的女性解放，打破父权，母女情深。这次套上了更现代的网络视频和好声音外壳，作为商业片很成熟，剧情、人物都打磨得恰到好处，情绪调动得满满的，哭哭笑笑一点不冷场，还把大道理都讲了，近乎完美。
1309342658,1,我不是盆栽啊,40,2018-01-19 14:29:20,"表面上是个励志追梦的故事，其实是为女性的地位鸣不平。印度女性如果不出人头地，那指定活得太憋屈了。                                <a class=""source-icon"" href=""https://www.douban.com/doubanapp/"" target=""_blank""><img src=""https://img3.doubanio.com/f/shire/c541f3cbc321589b29d7c7b6d00e620243f224d9/pics/comment/iphone.png"" title=""发自iPhone"" alt=""iPhone"" rel=""v:image""/></a>"
1309355044,1,adalovelace,40,2018-01-20 00:11:44,不错，但是比摔跤吧爸爸弱一些。
1313970689,1,尼古拉丁,10,2018-01-27 22:54:48,非常失望，很平庸的电影，一路无高潮，最后的演讲很煽情而我根本不吃这一套，以及女主角的心理变化非常怪异，从追求梦想到听天由命只因妈妈非常艰难的生了我？只有那个小孩古杜还蛮讨人喜欢的，许多人拿它和摔跤吧爸爸相比，很显然根本没法比。
1309281256,1,骑单车的女饼干,40,2018-01-19 22:37:02,因为是与《摔跤吧，爸爸》比较，所以才给了8分。
1314385150,0,m89,40,2018-01-28 16:41:52,音乐太好听了，好几次都是被音乐煽哭的，坐在漆黑一团的电影院里，似乎找回了一些喜欢看电影的初心，这大概是目前宝莱坞的最大魅力。阿米尔汗接连两部作品都是关注女性生存境遇的题材值得敬佩，但可惜现实中印度的性别平等问题远比电影表现出来的还要严重许多，至少靠西方式民主是解决无望了。
1304839960,2,继续誓死110,40,2018-01-17 10:45:55,有幸看了首映，看完特别想妈妈，就像导演说的，他拍这部片子原意是送给自己的妈妈和伟大的母爱。片中涉及的家庭暴力、女性觉醒等严肃话题，片中4个男性角色各有特点，汗哥这次角色无疑是本片亮点--严肃中的不羁，煽情中的搞笑，无比自恋又不伟岸的有趣的人。总体推荐此片，希望世间温情多一些。
1313376849,2,Daidaing,50,2018-01-26 22:55:31,和摔跤吧爸爸一样 看到名字真的就不想看 但是看了又特别感动的电影…
1309124565,0,十三,40,2018-01-19 17:51:46,彩蛋的时候，打扫卫生的阿姨看呆了。。阿米尔汗电影应该是印度主旋律了。
1309660517,4,工口工口小黃門,30,2018-01-20 15:59:27,狗血剧情有点多...
1305329478,2,阿彼茶杯,40,2018-01-13 15:48:50,【B】出色在于没有局限在单纯的逐梦励志里，不止涉及到女权觉醒，也多方面的表现了少女的青春期生活。女儿，母亲，歌手几个角色都很真实丰满而不脸谱化。这让电影虽然俗套却动人，虽然都是套路，却依然有力。
1301763382,2,Mona Lishark,40,2018-01-07 16:52:41,情感上有些弱了……节奏上也逊色，阿米尔真的为电影点睛，超喜欢他了。这片不要和摔爸比就还行，可惜歌儿并没有特别精彩有点失望，只有录音棚的一首金曲惊艳了。
1309285406,1,痞子老九,30,2018-01-19 22:42:36,剧情略显俗套，特别是结局的反转俗到极点！但除此之外也确实没其他毛病了……
1302462911,2,囍儿,30,2018-01-24 00:58:37,阿米尔·汗可不只是印度刘德华
1228585987,0,南瓜大帝_,40,2018-01-20 00:39:50,阿米尔汗的片子没有让人失望，他诠释了一个演员的基本素养，不是演啥像啥，而是演啥是啥。故事没有多惊人，但单单里面的歌就值得买票去听了，首首动听，去看吧。
1311332036,2,李小饱,50,2018-01-23 03:35:00,泪崩到不行，知道剧情知道结局还是感动到大哭。谁能想到当代杰出真·女权斗士竟然是个印度男性？？？
1301802694,4,蓝骨和尚,50,2018-01-07 17:49:20,印度因为有阿米尔·汗而骄傲，一如既往关注女权批判男权，并且愿意将剧本打磨成世界级故事。即便是家暴成瘾的直男癌父亲也只是社会症结的缩影，所有争吵和反抗都是对整个社会的质问，当然也非常巧妙的用母爱软化了其尖锐的一面。从蒙面歌手到撕下男权禁锢的面罩，喊出母亲是战士时，完成了普世教育。
1310974368,0,九命猫@victor-eyes,40,2018-01-22 15:03:13,真没哭。一直在等“最后一分钟救援”，等到为妈妈鼓掌的瞬间。小男孩和弟弟都无敌美好。米叔忽然变得嘎十三点，反差大。女主居然是摔跤里的小悍妞，果然不运动就速度长胖！
1311006099,7,吴大本事,20,2018-01-22 16:08:02,没有前作新意，③大元素交织，坎坷的音乐梦想＋家暴与温情并存的家庭＋朦胧的爱情通过互联网，类似中国的短视频app让自己获得关注，确实凸显了鲜明的时代背景。可是才发行2首，音乐事业平步青云，著名歌手还留电话号码。太玛丽苏不能接受，还有，得了奖让给别人，你以为芒果台的《我是歌手》
1312360501,0,猪头妖怪,40,2018-01-25 00:25:52,就电影本身来说，瑕疵颇多，水准要略逊于《摔跤吧！爸爸》。但即便有时烂俗、粗糙，甚至不尽合理，最后你还是会被它结结实实地打动。音乐当然是一大天然优势，而它背后的现实意义才更叫人暗自敬佩。
1317195612,26,青年不文明,40,2018-02-02 16:02:14,大爱米叔  他的电影真的很敢讲 看到爸爸打妈妈的那个片段真的怕死了 印度女的地位真的蛮低了 但是在机场那段妈妈爆发那段真的我太喜欢了 还有女儿在台上的发言真的戳中我  大爱啊啊啊
1309743254,1,Zhang Yixin,40,2018-01-27 10:35:38,我爱妈妈。没想到这个奇妙的时间节点上看了一部这样的电影。❤️
1319825224,1,蔕,30,2018-02-07 00:00:15,就是一部大型MV，剧情看似励志，但仅触及了一些社会问题的皮毛，深思下去会发现改变不了什么。人物没有一个喜爱的，说到底，就是一个女孩儿的一场梦。有同样生活处境的女性可以多看看做做梦，也许生活就能过下去了
1314202945,0,千纸鹤,40,2018-01-28 11:12:55,剧情还行 就是歌一般啊…… 不跳不唱了我都不习惯了、
1317127189,0,Noel,50,2018-02-02 13:46:02,雖然仍是天賦梗，但其中的女權主題還是比較酷的。
1311795969,5,iiiamyo,20,2018-01-23 23:42:42,槽点太多不知道从何吐起。一部追梦片居然让人看不到女主为梦想做的任何努力，反倒大篇幅讲述她任性逃课使唤备胎，也是很奇葩了。最后妈妈转变太突兀，女主太自私很难让人stand by her side，阿米尔汗是发觉戳大众G点赚钱比较容易所以开始批量生产了吗？女权主义电影真不是这么拍的。
1311977070,1,内   河,30,2018-01-24 12:08:24,妈妈是真的美。
1311777250,7,Pulvinus,50,2018-01-23 23:17:03,开年看到的第一个好片。虽然俗套催泪，但布局合理，各位演员也到位发挥。相比摔跤更好的是，摔跤的叙事建立在歪打正着上，而这部不是，且做得更好。妈妈才是真正的主角。纯谈自由平权还太浅了，尤其提多次对沙特阿拉伯的恐惧与嘲讽以及传统穆斯林家庭的设置其实还可以挖得更深一点，相当的叛逆。
1309101072,4,Herr十二,30,2018-01-19 17:01:16,很狗血，很俗套，但是套上亲情这个屡试不爽的大杀器，还是非常有催泪效果的。母亲才是这个世界上最伟大的“神秘巨星”。导演立意很好，但是很多地方没有把握好表达方式，剧本太弱，可惜了。印度少男少女的演技，秒杀国内一些三十来岁还装嫩的小鲜肉啊。
1313358712,0,sweetbear,40,2018-01-26 22:30:57,套路还能让人感动也是本事
1309878554,2,hedgehog,50,2018-01-20 21:47:36,印度电影的好处在于分寸感特别特别棒，再多两分油腻，再少一点寡淡
1310413600,0,arthuria,40,2018-01-21 17:45:29,向米叔致敬，立意很高，家暴、青春期、梦想、女权、母爱、印度穆斯林，但是结构和节奏都不如摔跤。另外女主有暴躁倾向
1313870188,0,baobaodu,40,2018-01-27 20:49:24,催泪
1309762432,5,flemington,20,2018-01-20 18:57:33,买电脑那部分简直犹如长达20分钟的广告，仅仅为了渲染母爱和女性平权等政治正确，几乎完全没给出女主才艺方面的剧情，从头到尾女主就是开挂一样，一点也不真实吧
1309921588,2,一实,40,2018-01-20 22:37:41,就这样吧！不是因为摔跤吧爸爸，压根不会看的。阿米尔汗为印度女权做了很多，但是这次感觉失败（再次回来更改评分：加了一星，是因为我发现我低估了这部影片，基于对印度的不了解）
1317055866,0,线线,40,2018-02-02 10:56:15,剧情低于期待，不过歌很好听
1314566373,1,于小狮,40,2018-01-18 17:16:21,和大多數印度片一樣片長失控，節奏可以更緊湊些，至少能控制在130分鐘左右。女主角的性格和處事風格沒有那麼討喜，反而是母親一角寫得非常令人感動，細膩地呈現著角色從軟弱認命到堅韌不屈的轉變，而由始至終貫穿在整個角色邏輯上的是對女兒無盡的愛。不負Aamir Khan的品質招牌。
1309208322,0,澐≡⊥≡趐,40,2018-01-19 20:47:11,歌曲虽多但都和剧情主题切合且很好听 唯一遗憾就是为了艺术处理效果烘托气氛没有清唱 追梦不忘亲情 批判了印度社会男权和父权和展现女性的反抗精神 彩蛋略贱希望不是自我膨胀 💃 片子偏长久坐伤身
1321597028,0,风舞狂澜,50,2018-02-10 08:39:44,觉得最近印度很多电影真的不错，而且这部印度片居然没有演着演着一堆人突然冒出来跳舞，还有群舞，哈哈，可见，印度电影也在逐渐改变，剧情虽然未免和好莱坞一样的套路，但是确实全程都没有感到无聊，两个小时一下子就过去了，最后结尾得好突兀，片尾彩蛋搞笑死了
1310611202,5,CMGS,40,2018-01-21 22:25:39,作为一个去过印度也略懂印度种姓和伊斯兰说不清道不明关系的旅行者，表示这片真正的主线是一个逊尼保守文盲母亲母爱和觉醒过程，女主只不过是线索，遇到阿米尔汗是命好，但还要考虑南亚大陆上（是的我都去过了哈哈），不是千千万万而是数亿女性依然过着这类似的生活。感谢我朝消灭文盲运动和无神论吧！
1310610130,2,Luffyjun,40,2018-01-21 22:24:26,海报上都没有出现的妈妈（笑起来真是迷倒众生）才是真正的神秘巨星啊！女孩的歌真的超级好听，虽然整部片子确实充斥了太多俗梗和老桥段，但依旧感人啊。。呜呜。。好了，我要表扬一下女主（密码透露了一切）的小男友，真是太暖了，男友力MAX，这样的男孩子不嫁等什么。。
1320794819,0,神山樹,40,2018-02-08 19:40:39,剧情冲突太单线条太理想化了 结尾脱掉罩袍的时候我真的很感动 作为一个女生共鸣的感动
1309298466,2,泡個大爪,20,2018-01-19 22:59:01,我爸妈不问我就让我结婚，你个倒霉孩子不问我又让我离!! emmm优兔网是个好网站
1317144654,30,最糊涂的小宝,40,2018-02-02 14:23:05,因为看过主演阿米尔汗的摔跤吧爸爸，发现他又有新作。特意买票去看的，又被感动了，此片讲述了印度的女权，整篇故事剧情连贯，非常感人，值得推荐
1312170841,2,红袍修罗,50,2018-01-24 19:27:48,①剧情张力非常饱满，无论梦想、家庭、母爱、成长、女权还是宗教都有着强烈的冲击力②那不是垃圾，那是尹希娅的吉他。家暴者就让他孤独终老吧③扯掉罩袍，扯掉束缚，扯掉所有的羁绊，let it go④直面现实直面黑暗直面负能量的励志才会有感染力，否则就是魔幻的新闻联播式励志
1320420131,0,Superhat,30,2018-02-08 00:34:12,在信息大爆炸时代，家庭彻底拦不住孩子对自由的向往，这是逐梦演艺圈历经坎坷说服所有人然后成功的童话故事。女主角动不动就气急败坏的性格可以理解，但不足信，所以梦想成真也显得如此套路、失真。无论是制作人、母亲的转变都是硬反转。母爱令人感动，初恋那段mv很温馨，有碎片化的真情实感。
1309611277,1,夏日扬帆,40,2018-01-20 14:29:22,这部比起摔跤来说，在剧情的重大转折上就存在着硬伤，但是借着主人公与妈妈的对话，算是非常直接与强烈的表达了对女性权利的思考，这一点比摔跤吧爸爸就体现的更加突出。鲁迅的《娜拉出走之后》放在这部片子的结尾再好不过了
1297892181,0,战台烽,40,2018-01-24 00:19:42,印度三汗，最有四辩力量的，一定是阿米尔汗了吧，也是在内地最受欢迎的了吧，《神秘巨星》讲述了一个印度好声音的故事，虽然没有《摔跤》那么燃，但胜在对印度家庭生态的呈现，夫权之下，女生没地位，相对而言，中国的女孩还是幸福许多的。
1223929930,0,麦小白,30,2018-02-11 19:20:36,阿·米尔汗的身材还没从《摔跤吧爸爸》里回来，浑身上下一股油腻味，倒也符合角色性格。套路又一次获得了人心，大家在电影里寻到了慰藉。
1314644420,0,拷古雪茄,30,2018-01-28 22:54:37,一开始难入戏，觉得电影语言美学都乏善可陈，然后我脑海里蹦出一个词，Melodrama，然后就全明白了。
1311006919,9,神啊，请降临吧,10,2018-01-22 16:09:43,主观评价，我不喜欢，你们喜欢你们评高分。
1275933068,2,黑貓十一,40,2018-01-20 17:48:37,三星半吧。印度性逆版周董《范特西》专辑：在家里《爸我回来了》，在学校《简单爱》。处于好看与尬之间，但我这种人自然还是在黑暗里哭了好几次。里面对女性抗争命运的部分还挺棒的，也有可爱的男性角色让人不会对男性完全失望，但实在太长啦！唱歌的效果，还有真人秀的部分，都太也浮夸啦ww
1313383610,0,will,20,2018-01-26 23:04:10,剧本明明可以更好，视听语言（特别是剪辑）很多地方简直是灾难，表演明明可以更加细腻而不是外在张扬………感动是因为故事框架之下，粗暴的音乐和煽情的表演催致。特别是创作者的功力不及《摔跤吧》
1309853104,3,宅拾叁,30,2018-01-20 21:15:26,领奖台上把到手的奖杯让出去这种剧本也就只有奥斯卡和印度人写的出来了。顺便，妈妈笑起来是真心好看。
1316328760,0,6079,50,2018-01-31 22:47:30,会心笑过后，邻座的大叔忍不住一直擦眼泪，我强忍着没擦。
1311938719,0,李棂夏,40,2018-01-24 10:37:04,阿米尔汗太逗了。
1307566229,1,蓝橄榄,40,2018-01-16 22:33:14,剧作挺喜欢的。天马行空锐意出新的电影令人折服，这种套路圆熟感情真挚的电影也让人佩服。叙事风格跟《摔跤吧爸爸》一脉相承。QA环节印度导演蛮有耐心（此处意味深长）…
1316325185,0,唐小万,40,2018-01-31 22:42:36,她弟弟有一张不必懂人世艰辛的脸，希望女儿们也有这样的脸。
1312262302,5,小圣,40,2018-01-24 22:04:35,套路而感人 米叔十级骚2333333
1316888726,0,翦瞳儿,50,2018-02-01 23:22:32,2018年2月1日19:10，百老汇影城东方广场店
1311483706,2,人工智障河马酱,30,2018-01-23 14:00:05,不但催人泪下，而且催人尿下。太长了，有点坐不住。可以看到家暴对家庭的伤害是很多元的。毁了一家人的生活。歌好听。
1309287094,0,卍珠珠卍,40,2018-01-19 22:44:46,阿米尔汗戏份不多但是演出了骚浪贱哈哈哈。本片剧情有点尴尬，但还是比较有积极的社会意义。3.5-4分
1308836927,7,Torrilla,30,2018-01-19 02:36:20,节奏控制不如摔跤 机场爆发略尬
1318398941,0,逍遥隐月,40,2018-02-04 18:00:45,唯一的bug：开头的火车上竟然没有挂票……哈哈，开玩笑的，超级棒的电影。
1309090720,0,哈比,50,2018-02-12 16:06:21,节奏超赞！！哇，阿米尔汗真的厉害诶，《摔跤吧爸爸》之后接着女主角演了这部《神秘巨星》，没想到依旧很好看~
1313888522,0,麟,50,2018-01-27 21:16:40,要敢于say no！要敢于做梦、不然每天是睡着还是醒着有什么区别！？每个人都有做梦的基本权利。
1309203340,2,无机客,50,2018-01-19 20:38:33,有内容，能触动观众的好电影。现实中的印度的性别歧视和家庭暴力当然比影片里反映的更加严重，但起码印度电影人正视这些问题。本片配乐一流。人物塑造上，女主角的角色定位和具体演绎没有另外的主角和配角们那么好。不知道为什么要用那些场面反映女主角暴躁、不够周到的一面呢？
1310733200,1,冰箱里有颗人头,40,2018-01-22 01:01:11,套路就套路～妈妈在机场那里帅死了！
1310281746,3,Sherry,50,2018-01-21 14:07:34,阿米尔汗就是五星的保证啊！眼泪哗哗的 不多说了自己看吧！
1310051126,1,快乐时代,40,2018-01-21 01:12:35,继续讨论女权和相关社会问题 小女孩你咋发福了 歌都很好听 但在可以放肆唱跳的主题下 只有阿米尔汗自己尬跳也是令人费解
1315774449,0,sea,40,2018-01-30 22:17:00,歌蛮好听的，有种随歌声飘起来的感觉，但离真的感动好像还差那么一点点。还是更喜欢摔爸爸，所有的起承转合都水到渠成。不过能拍出这样关注女性题材的诚意之作，也是很赞的。
1307409652,11,徐阿四,30,2018-02-11 13:11:17,米叔的电影我算是出一部看一部 这部片说是讲母爱 更多的是讲女权 一个女人活在那样的社会里 首先要有文化 其次要有决断 女人要活得优雅 首先要爱自己 然后再爱孩子爱家人 最后分一点爱给男人 看到妈妈被打真的流了一泳池眼泪 但不得不说 这部片较米叔之前的片子硬伤太多 过于梦幻俗套
1309881887,2,凹 凸,30,2018-01-20 21:51:41,“简单粗暴但有效”可以概括所有的高分印度片。无用拖沓的戏一抓一大把，但颁奖礼上的话还是真实的好哭，结果被女主的招牌白眼一秒翻出戏。妈妈长得可太像Amy Adams了
1310431924,0,小蛋蛋,40,2018-01-21 18:17:04,模式化励志片，女性+梦想，不管你喜不喜欢，都会打动你
1319457069,0,易,40,2018-02-06 13:12:19,故事倒是流畅，但人物有点模版，阿米尔汗这是宝莱坞的汪峰吗？
1313407760,2,陈诚实小姐,30,2018-01-26 23:37:55,女主的脾气真的和爸爸没区别。。。
1314391870,0,PageChen,40,2018-01-28 16:53:10,歌好听，但成名得太容易了，剧情不然自然
1309345444,5,aaron,40,2018-01-19 23:58:18,有天赋的孩子就像气泡，自己会浮出来，挡不住的。你就算没成为神秘巨星，也会成为摔跤冠军。
1309165713,2,Creep_,30,2018-01-19 19:24:58,讲解铃还需系铃人的流水账浓缩电视剧电影，这个女儿长得很像谢琳伍德蕾。【妈妈最后很解气。
1307657941,0,不脱袜子同学,40,2018-01-17 00:37:05,故事对于我来说太理所当然了，常见的印度套路，但是情感确实很有张力，很难不被感动，给最后揭晓的“神秘巨星”和阿米尔汗的彩蛋加一星。
1314963304,0,Sissi,40,2018-01-29 14:21:35,阿米尔汗戏份有些少啊～一个关于“重男轻女”和“梦想”的故事，感觉一般吧～但小男朋友挺可爱～
1307562945,2,ageanxiao,50,2018-01-16 22:29:01,豆瓣女性专场观影会。 如果说讲女性梦想和自由是意料之中，女主那条纯纯的印度校园恋爱线就是惊喜了。歌曲歌声很加分，喜欢电影最开始那首，要去搜原声。阿米尔汗这次的角色离了两次婚，是在演自己的真实人生？最后字幕中间的彩蛋很宝莱坞，哈哈～去追梦吧，否则或醒或睡，或生或死，都没有意义
1310468988,3,南赫,30,2018-01-21 19:20:54,这真的不是一部“电脑下乡”宣传片？！
1313406996,0,曼特宁,30,2018-01-26 23:36:50,摔跤爸爸调成挨打妈妈，这鸡汤有点糙，音乐没能打动我
1309409519,8,再会朗西,50,2018-01-20 02:05:47,看到妈妈被打的时候气得快要昏厥过去，无法呼吸，只想着给我爸打电话骂他一顿。不过我们最终逃离那样的生活，只是我花了25年，会不会有点太晚了。
1309222977,0,Anarchy,40,2018-01-20 22:12:08,前半段我准备离场的，但女主歌声和母女对吵戏震住我了，声音婉转演技到位，反而感觉阿米尔汗有尬演！机场怼架开启高潮，颁奖礼让人意外泪奔！讲真女主走红戏码并不靠谱，底层人物逆袭的好片不止一家，但这加料了，本片借着逆袭的故事架构来表达对印度社会女权问题的控诉，不过分煽情也不过分说教很成功
1310993940,4,呆二大爷,30,2018-01-22 15:42:50,其实。。给3星都很勉强了。。。看完听到最多的一句话就是。。大家对印度电影的包容性都挺高的。。。不知道是文化背景还是剧情编排上，实在很难让人有体会感触。。感觉是想反映印度女性的生存现状。。但整体下来却感觉有点不伦不类了。。
1310672551,1,尼奥安德森,30,2018-01-21 23:33:20,套路太强，很难入戏。小情侣的感情片段有点甜。
1318401505,0,素衣染天香,40,2018-02-04 18:05:11,永远为阿米尔汗打电话。虽然里面永远是老梗，励志的鸡汤。甚至那个结局梦幻得我小侄女都不相信。但那怎样，这个世界太冰冷了。需要这样偶尔暖色的梦想。
1310741370,0,梵目,30,2018-01-22 01:18:38,格局变小了。
1310454517,0,熊升树,50,2018-01-21 18:56:54,“你可以对我提任何要求，对生活不行”母女之间的支持与激励令人动容，现实的残酷和梦想的美好激烈碰撞，所以勇敢地迈出去吧，为了挚爱的亲朋更为了自己
1313244421,0,张隐,40,2018-01-26 19:06:11,女子本弱，为母则刚。将梦想与女权结合，显得现实的意义大于故事本身，任何一个母亲对孩子的付出都是静默且巨大的，尽管是新葫芦装陈酒，可也同样醉人。看完的回家路上电台里放萨克斯独奏的《懂你》，眼睛慢慢的湿润了，有这种简单的电影真好。
1309265887,0,Crazy Ivan,50,2018-01-19 22:16:45,2018.01.19 GTS 听歌值了
1316881098,0,猫苦艾。,30,2018-02-01 23:11:39,我看过的最差阿米尔汗。俗套的剧情+煽情的配乐+社会题材，惯用套路，状似每个人都可以从不同的切入点找到自己的想看的东西，但抱歉，我没有被感动。
1314075904,1,seamouse,40,2018-01-28 01:12:17,比摔爸好，追梦的阻挠感觉没那么远不可及。但也是直至阿米尔汗正戏抵达，才带着笑料让人振奋。另外，非常希望片中每个角色都有着无奈面和些许正面，但爸爸角色就是彻底为批评性而立起的反派
1243755831,1,雪国之熊猫,30,2018-01-20 20:38:00,哈哈哈，就记得米叔那首 嗯~啊哈!
1310889430,0,小荷,50,2018-01-22 12:13:25,睡梦的意义。CVG弧形屏幕
1291686578,0,南蛮,40,2018-01-20 23:49:53,米叔近两年的电影比不上以前质量高了。但是母女梗实在是戳泪点戳到不行。三星给电影，加一星给所有妈妈。
1313887312,0,忘记说谢谢,40,2018-01-12 22:35:41,《摔跤吧！爸爸》姊妹篇之《唱歌吧！妈妈》：相比《摔爸》，《唱妈》在镜头、剪辑、剧作等角度存在技术性小缺陷，但在电影质朴而强烈的母女、梦想和和家暴冲突之间，把观众的情感撩拨到最高，尤其在无懈可击的音乐面前，开口就是巨星范儿，让观众不得不臣服！它再次证明：相比于故事刁钻，情感更重要！
1309344343,0,Monsieur W.,40,2018-01-19 23:56:55,一开始觉得有点俗套 但是越往后越被感动到
1316008732,0,西凉虫,30,2018-01-31 11:36:39,浮夸，廉价
1320481652,0,/\ 隱廂。,40,2018-02-08 05:57:03,出影院时候眼睛都肿了，在父爱缺席甚至父权阴影笼罩的家庭里，一个母亲独自为孩子撑起了她的梦想和一片天地，有这样的妈妈真好，因为她的温暖能战胜一切。
1304832124,3,、Yogurt,50,2018-01-12 19:45:21,不得不说阿米尔·汗为提高印度女性社会地位付出的努力很伟大，针砭时弊，拍电影的目的之一不就是追求这种现实意义吗？捍卫女性追求梦想和自由的权利，反对绝对男权的家庭暴力，赞颂母爱和亲情，全程泪点被母亲承包，太催泪了，意义比摔跤吧！爸爸还要重要。
1312082860,0,Bee,40,2018-01-24 16:05:31,阿米汗真是坚定站女性主义阵营，为他这些年为印度做的事情感动。又增加了印度歌单。又，做梦是基本人权呀~又，自带天赋的那些人，是会像汽水里的泡泡一样，无论受到什么压力引力，都会自己冒上来的。简直不要太振奋，鸡汤浓浓哒
1310064417,3,子墨,50,2018-01-21 01:40:09,女权与梦想在这里剥离的更为深刻。每个剧情，每个演员都很到位。最后一刻升华的让人流泪。
1310328261,0,metaphor17,40,2018-01-21 15:25:08,虽然没有跳脱出脸谱化人物的缺憾，但感染力十足，个人观感比摔爸要强上许多。尤其是阿米尔汗的部分太精彩了
1315084251,0,摇滚玄奘,50,2018-01-29 18:20:19,"不知道为什么，这是我观影过程中泪点最多次的，虽然事后想想好像也没那么催泪吧，但就是这么奇妙，厉害，果然厉害！                                <a class=""source-icon"" href=""https://www.douban.com/doubanapp/"" target=""_blank""><img src=""https://img3.doubanio.com/f/shire/f62b2d2de3fc4a56d176b01cc3bbd47d2681fb38/pics/comment/android.png"" title=""发自Android"" alt=""Android"" rel=""v:image""/></a>"
1320832301,0,Rainflower,40,2018-02-08 20:54:23,女主在台上说母亲为她而战的时候，听到绊脚石吸鼻子的声音。泪点高的我对电影无动于衷，但是想到身边人泪流满面，电影里的台词进不到脑子里了。果然，场里亮灯时，她妆都花了。性情人。
1311836511,1,需要气的气球,40,2018-01-24 01:00:31,哭成泪人～梦想线和母女线承包所有泪点～女性真的永远需要独立和勇敢～妈妈长得好漂亮，机场那段帅爆了，她才是真正的神秘巨星～歌都超级好听！阿米尔汉在里面的形象简直了～
1316468187,0,靶眼,40,2018-02-01 08:13:07,极其套路化。但我发现国内都不愿意老老实实拍这种套路的东西了。
1302370638,1,pandora刀刀,50,2018-01-21 22:38:58,去看吧 这就是面镜子 或许不明显 不代表不存在
1310241010,2,白小鸥,50,2018-01-21 12:54:01,电影最深刻的道理，女儿像爸爸，儿子像妈妈。还是这样的阿米尔汗我比较适应。小演员们演的都很好。妈妈好美。
1261046038,5,普拉,50,2017-10-23 20:06:19,阿米尔你演屁眼太合适了啊；但就是asshole的不够彻底，最后还是当了好人。。。
1312395671,2,颜小兽,20,2018-01-25 01:58:37,我如果想看价值观，我就去看十九大了。剧情尴尬到掐自己大腿。
1309813742,2,潘半仙,30,2018-01-20 20:18:30,又一部反映印度女性女权问题的作品，硬伤是小姑娘缺少成为歌唱巨星的必要成长，全片就没见她练过音乐啊有天赋也不带这么玩的吧...然后阿米尔汗这个造型真是欢迎来到德莱文联盟...最后一惯的咖喱电影特色歌舞这次好像选曲还不错挺好听...
1312763000,0,Lev Kovacs,40,2018-01-25 20:56:56,内容和表达方式都是积极意义上的通俗到底。这应该是国产商业电影的应有水平才对，差距太远了。
1313527603,0,Robert,30,2018-01-27 08:48:42,虽然都是套路，但是挺搞笑，也挺感人的。
1317421066,2,ikoshirly,30,2018-02-02 23:09:52,这样环境，小姑娘还一心只想着唱歌，书也不好好念，补习班也不好好上，太不真实了，电影里是真有天分，最怕的是自以为有天分的小孩子，学电影里追梦。
1314008892,0,信电影得永生,40,2018-01-27 23:38:22,从女性群体刻画和女性成长角度来说，这片比《摔跤吧爸爸》好很多，展现了女性教育子女的天赋，几代女性对人生命运态度的差距。只是故事铺的太开，没必要面面俱到。三星半
1309235809,0,童孝贤,40,2018-01-19 23:16:50,万柳20180119
1310768111,0,鹿蜀,50,2018-01-22 02:58:32,所有故事创作都是围绕着＝和≠来做文章，所谓创作能力无非是：在掌握了基础语言、文字能力以后（这其实已经筛除九成人了）有的人只能把握＝的是、有的人只能想到≠的非。只有寥寥寡寡几人，可以将两套以上的思维模式、生活习惯、世界观融入进人物——人物，即是故事。
1310038420,0,剑气凌厉的江南,40,2018-01-21 00:49:11,唔，很正能量，青春励志，对于关系角力又有了新的认识
1321866429,0,喂，叫我愤青!!,20,2018-02-10 18:34:21,作为一名肤浅又不能时时上尤土波的人  根本不知道做网红逃学离家出走是这么容易的事
1284439203,3,路人Eita,40,2018-01-12 23:43:37,阿米尔汗继《摔跤吧爸爸》之后再次关注女性平权的社会问题。对照《全球性别差距报告》，这样的电影与呼声，是无论多响亮也不为过的。笑中有泪的故事，举重若轻地完成主体使命，还兼具细腻的感情与人性的立体，单是这份平视弱势群体的关注与温柔，都能看见背后主创对不平人间的理解与鼓励。
1314145987,0,三月雪,20,2018-01-28 08:14:29,有些做作
1319131797,0,伯劳上书,40,2018-02-05 21:16:38,太套路了，基本每一个段落结束我都能猜到下一个镜头是什么。3星最多了，多一颗星是为了“母爱”这个题材。
1309332562,0,Phoebe,40,2018-02-04 19:22:24,《印式英语》中的小女孩吧。没去过印度，刚从新加坡和马来西亚的小印度回来，看这个片别有一番感觉。
1312571418,1,阿落,30,2018-01-25 14:21:08,歌曲电影的话真的是不错。电影本身还是有点老套。但是接下头纱的内一个小高潮应该很多阿拉伯国家的女孩感觉异常激动想哭吧
1305050233,4,Gazira,50,2018-01-13 01:09:45,表面是一部少女追求梦想成功记，实际却是一部反映和关注妇女在印度家庭生活中的艰难处境。甚至连妇女自身也没有意识去改变自己的处境。大多数电影都在为梦想打鸡血的时候，这部电影关注的是给予我们有自由去梦想的人。来句俗话“有人为你负重前行，你才可以岁月静好”
1320075534,0,严洇,40,2018-02-07 14:42:30,2018-01-23，妈妈做出选择的时候，以及女儿改曲风的时候，满满的感动，结尾阿米尔汗的彩蛋棒呆了
1310488781,1,24city,40,2018-01-21 19:51:04,妈妈在机场拖着一双儿女却无处可去的惶恐，可能才是这个题材背后需要重视的根本问题。在印度的特殊国情下，女性能够真正获得平权，光有个人意识觉醒还不够，需要的是整个社会观念的改变，给足女性独立生存空间。阿米尔·汗的电影是有力量的，他所做的，可能不仅仅是一部电影，而是未来“改变”的基石。
1310881373,2,St.Me,30,2018-01-22 11:53:37,这不就蒙面歌王么，标准的选秀节目卖惨模板，一颗星给女性主义，两颗星给妈妈
1312628734,1,jessiestone,30,2018-01-25 16:09:57,有些地方很生硬。从家排上来说女孩把自己当她妈的母亲。本身家暴女要产生自我觉醒就是比较难的，何况在印度这种很严重的性别状况下，故结尾有点美化。父亲这回是彻底地可以被认为是个混蛋了，但印度和中国一样都把母亲神圣化，不敢不孝，也不敢承认她自己的力量。但，当然此片的进步意义是显见的。
1317901273,0,道臣岚,20,2018-02-03 21:23:32,…全片唯一的亮点就是阿米尔汗再次拿起电话给女律师打电话道歉…
1309090923,0,alele,50,2018-02-08 23:04:07,本来想给四星，因为可能篇幅所致吧，很多情节的展示，和人设变化的伏笔，显得有些仓促，总体不如摔跤。但我非常愿意给5星，大是因为它真的在改变这个国家，唤起我们对女性地位与权利意识的重视，小是因为它让我们放下内心的固执、偏见和恐惧，勇于反抗，勇于改变，勇于追梦。这才是人生的价值和真谛。
1310404989,2,Morning,30,2018-01-21 17:30:37,75分。在人设上母女关系算是商业类型的挑战了，女儿有信念却鲁莽，母亲爱得周到却无法挣脱自身，这组关系比许多粗暴的设置去解决复杂命题要难表现，所以剧作一直呈螺旋式的结构，天才少女和渣男巨星线也非常有趣，但导演力不从心的感觉。最大败笔就是为了求结果最后两场大戏（机场和颁奖礼）拍糊了。
1323052646,0,麦子麦子酱,40,2018-02-12 20:51:27,其实是很俗套的剧情了 家暴那段拍得很好
1302250946,0,已逝之蓝,50,2018-01-21 22:24:20,音乐与梦想，关注女性平权，煽情外壳下的现实议题，阿米尔汗公司的又一力作，相比拳打脚踢的摔跤运动，还是美妙的歌声更能打动我。后半部分转折有点生硬，颁奖典礼很尬，机场母亲的反抗大快人心是全片高潮，瑕不掩瑜。
1271331770,0,WIKI魏,40,2018-01-21 19:32:07,这两部都可以当成高考作文范本了。从立意，角色，主线复线，叙事方式，亮点桥段，鲜明的个性（宝莱坞），都属于上层，都是高分作文，都可以贴在墙上让大家反复阅读甚至是背下来。电影院好多人都哭了，演完我回去找东西，发现一半的人都没走，在看彩蛋和结尾歌舞。9/10
1309051833,1,梦羽灵泉,50,2018-01-19 15:26:04,励志青春喜剧背后的社会大叙事
1312902854,0,ダメ人間,30,2018-01-26 00:32:15,三分不能再多…… 实在是老套到印度市场都受不了。但还是佩服阿米尔汗，比好莱坞那班虚伪黑裙子大妈好太多（加星）。可这女主无论歌声抑或魅力，都无法撑起如此浮夸梦幻的际遇。仅有的亮点是妈妈那场争执戏的对白，写得不错。但女主为什么一直在翻白眼？还特写？救命。@大沙发
1313194047,0,陈大五,30,2018-01-26 17:13:11,影片延续了阿米尔汗一贯的笔直三观，在叙事和表达上都很完整，很常规。不失望，也没啥记忆点。不对，有一个，就是阿米尔汗的自黑式表演。
1310163493,0,凤林村阿涛,50,2018-02-10 23:06:09,看过伯德小姐和唤吾汝名那遥不可及的西方资本主义式青春烦恼后再观同属发展中国家的印度拍的《神秘巨星》，后者太扎心了。一个强戏剧化的故事嵌套进一个严酷的社会现实问题里，比较相关题材的编剧水平，韩国和印度都要比我们走在前面。影片剥洋葱式地在伤感、幽默、震撼后，给予观者情感上深深的撞击。
1314427569,0,CuRry_常喜舍；,30,2018-01-28 17:51:23,3.5；
1311628154,0,被动王,50,2018-01-23 19:12:42,4.5  很套路的剧本，但还是感动到不行。家暴、母爱、女权、梦想、校园爱情的元素搭配的相得益彰。母亲，一类因为孩子就可以变身战士的女性
